"url","status","title","titleLen","descLen","h1","words","canonical","selfCanon","noindex","ldjson"
"/","200","T-ROC | Retail Staffing, Merchandising &amp; Technology Solutions","65","159","Brands, Retail Stores &amp; Shoppers","3699","https://trocglobal.com/","1","0","4"
"/10-innovative-retail-trends-you-cant-ignore-in-2025/","200","10 Innovative Retail Trends You Can’t Ignore in 2025 - T-ROC","60","154","10 Innovative Retail Trends You Can’t Ignore in 2025","3454","https://trocglobal.com/10-innovative-retail-trends-you-cant-ignore-in-2025/","1","0","2"
"/2026-retail-industry-trends-growth/","200","2026 Retail Trends: Thriving Amid AI Disruption","47","154","2026 Retail Trends: Thriving Amidst AI Disruption and Market Shifts","3012","https://trocglobal.com/2026-retail-industry-trends-growth/","1","0","2"
"/5-game-changing-benefits-of-retail-staff-training-that-every-business-must-know/","200","5 Benefits of Retail Staff Training | T-ROC","43","138","5 Game-Changing Benefits of Retail Staff Training That Every Business Must Know","1068","https://trocglobal.com/5-game-changing-benefits-of-retail-staff-training-that-every-business-must-know/","1","0","2"
"/5-key-mystery-shopping-metrics/","200","5 Key Mystery Shopping Metrics | T-ROC | Blog","45","126","5 Key Metrics Every Mystery Shopping Program Should Track","1427","https://trocglobal.com/5-key-mystery-shopping-metrics/","1","0","2"
"/5-reasons-retail-stores-are-embracing-shipping-containers-for-luxury-pop-ups/","200","Why Luxury Retail Brands Are Using Shipping Container Pop-Ups","61","142","5 Reasons Retail Stores Are Embracing Shipping Containers for Luxury Pop-Ups","1736","https://trocglobal.com/5-reasons-retail-stores-are-embracing-shipping-containers-for-luxury-pop-ups/","1","0","2"
"/5-ways-technology-is-solving-the-revolving-challenge-of-customer-returns/","200","How Technology Is Transforming Retail Customer Returns | T-ROC","62","132","5 Ways Technology is Solving the Revolving Challenge of Customer Returns","1605","https://trocglobal.com/5-ways-technology-is-solving-the-revolving-challenge-of-customer-returns/","1","0","2"
"/7-reasons-why-mystery-shopping-is-essential-for-brands-partnering-with-best-buy/","200","7 Reasons Mystery Shopping Is Essential for Best Buy Brands","59","154","7 Reasons Why Mystery Shopping is Essential for Brands Partnering with Best Buy","1286","https://trocglobal.com/7-reasons-why-mystery-shopping-is-essential-for-brands-partnering-with-best-buy/","1","0","2"
"/a-basic-guide-to-the-principle-of-retail-merchandising-planning/","200","Guide: Principle Of Retail Merchandising Planning | T-Roc","57","107","A Basic Guide To The Principle Of Retail Merchandising Planning","2295","https://trocglobal.com/a-basic-guide-to-the-principle-of-retail-merchandising-planning/","1","0","2"
"/abercrombie-fitch-geofencing-customer-feedback/","200","How Abercrombie &amp; Fitch Uses Geofencing for Customer Feedback - T-ROC","73","158","How Abercrombie &#038; Fitch Uses Geofencing for Customer Feedback","922","https://trocglobal.com/abercrombie-fitch-geofencing-customer-feedback/","1","0","1"
"/about-t-roc-global/","200","About T-ROC Global | T-ROC","26","133","T-ROC Global","809","https://trocglobal.com/about-t-roc-global/","1","0","1"
"/agentic-ai-commerce-retail-trends/","200","Agentic AI in Commerce: The Next Frontier of Retail Discovery and Trust - T-ROC","79","154","Agentic AI in Commerce: The Next Frontier of Retail Discovery and Trust","1110","https://trocglobal.com/agentic-ai-commerce-retail-trends/","1","0","2"
"/agentic-ai-in-retail-what-best-buys-strategy-signals/","200","Agentic AI in Retail: What Best Buy’s Strategy Signals - T-ROC","62","151","Agentic AI in Retail: What Best Buy’s Strategy Signals","1619","https://trocglobal.com/agentic-ai-in-retail-what-best-buys-strategy-signals/","1","0","2"
"/agentic-ai-retail-execution/","200","Agentic AI in Retail: From Experimentation to Execution - T-ROC","63","137","Agentic AI in Retail: From Experimentation to Execution","1064","https://trocglobal.com/agentic-ai-retail-execution/","1","0","2"
"/ai-in-retail-stores-physical-retail/","200","AI in Retail Stores: Why Physical Retail Still Wins - T-ROC","59","144","AI in Retail Stores: Why Physical Retail Still Wins","1106","https://trocglobal.com/ai-in-retail-stores-physical-retail/","1","0","2"
"/ai-labor-forecasting-boost-efficiency-productivity-compliance/","200","AI Labor Forecasting: Boost Efficiency &amp; Compliance","55","147","AI Labor Forecasting: Boost Efficiency, Productivity &#038; Compliance","1269","https://trocglobal.com/ai-labor-forecasting-boost-efficiency-productivity-compliance/","1","0","2"
"/ai-ready-business-data-for-retail-operations-how-to-prepare-your-company-before-investing-in-ai/","200","AI-Ready Business Data for Retail Operations: How to Prepare Your Company Before Investing in AI - T-ROC","104","152","AI-Ready Business Data for Retail Operations: How to Prepare Your Company Before Investing in AI","3245","https://trocglobal.com/ai-ready-business-data-for-retail-operations-how-to-prepare-your-company-before-investing-in-ai/","1","0","2"
"/ai-shopping-assistants-vs-human-sales-teams-who-drives-more-sales/","200","Ai Shopping Assistants Vs Human Sales Teams | T-ROC","51","109","AI Shopping Assistants vs. Human Sales Teams: Who Drives More Sales?","1212","https://trocglobal.com/ai-shopping-assistants-vs-human-sales-teams-who-drives-more-sales/","1","0","2"
"/ai-shopping-trust-factors-what-consumers-need-before-they-buy/","200","AI Shopping Trust Factors: What Consumers Need Before They Buy - T-ROC","70","141","AI Shopping Trust Factors: What Consumers Need Before They Buy","1520","https://trocglobal.com/ai-shopping-trust-factors-what-consumers-need-before-they-buy/","1","0","2"
"/aisle-end-cap/","200","Learn How Aisle End Cap Display Drives Sales | T-Roc","52","152","How to Make an Aisle End Cap Display that Drives Sales","2007","https://trocglobal.com/aisle-end-cap/","1","0","2"
"/announcement/viba-free-60-day-trial/","200","VIBA Free 60-Day Trial - T-ROC","30","0","VIBA Free 60-Day Trial","135","https://trocglobal.com/announcement/viba-free-60-day-trial/","1","0","1"
"/assembly-services/","200","Retail Assembly Services | Nationwide Product Assembly Solutions","64","129","Assembly Services","2857","https://trocglobal.com/assembly-services/","1","0","1"
"/assisted-sales-the-tech-enabled-strategy-to-boost-retail-roi/","200","Assisted Sales: Tech-Enabled Strategy to Boost Retail ROI","57","146","Assisted Sales: The Tech-Enabled Strategy to Boost Retail ROI","1470","https://trocglobal.com/assisted-sales-the-tech-enabled-strategy-to-boost-retail-roi/","1","0","2"
"/augmented-operations/","200","Augmented Operations: Enhancing Efficiency and Productivity - T-ROC","67","138","Augmented Operations: Enhancing Efficiency and Productivity","1284","https://trocglobal.com/augmented-operations/","1","0","2"
"/authors/","200","Authors - T-ROC","15","122","Authors","152","https://trocglobal.com/authors/","1","0","1"
"/authors/brett-beveridge/","200","Brett Beveridge - T-ROC","23","130","Brett Beveridge","874","https://trocglobal.com/authors/brett-beveridge/","1","0","1"
"/automated-retail-cannabis-brands/","200","Cannabis Brands | T-ROC | Automated Retail","42","140","Automated Retail for Cannabis Brands: How Kiosks Help You Scale Smarter","2764","https://trocglobal.com/automated-retail-cannabis-brands/","1","0","2"
"/automated-retail-convenience-shopping/","200","Automated Retail Unlocking Convenience Shopping | T-ROC","55","136","Why Automated Retail is Key to Unlocking Convenience Shopping","1510","https://trocglobal.com/automated-retail-convenience-shopping/","1","0","2"
"/automated-retail-field-operations/","200","Why Automated Retail Still Needs People: The Field Operations Behind Unattended Retail - T-ROC","94","160","Why Automated Retail Still Needs People: The Field Operations Behind Unattended Retail","1404","https://trocglobal.com/automated-retail-field-operations/","1","0","2"
"/automated-retail-for-noi-growth-the-definitive-commercial-real-estate-asset-strategy/","200","Automated Retail for NOI Growth: Real Estate Strategy","53","147","Automated Retail for NOI Growth: The Definitive Commercial Real Estate Asset Strategy","1205","https://trocglobal.com/automated-retail-for-noi-growth-the-definitive-commercial-real-estate-asset-strategy/","1","0","2"
"/automated-retail-for-pet-brands/","200","Automated Retail for Pet Brands: Keep Shelves Stocked and Customers Loyal - T-ROC","81","141","Automated Retail for Pet Brands: Keep Shelves Stocked and Customers Loyal","1202","https://trocglobal.com/automated-retail-for-pet-brands/","1","0","2"
"/automated-retail-in-the-pet-industry-meeting-demand-with-smarter-in-store-tech/","200","Automated Retail In The Pet Industry | T-ROC | In-Store Tech","60","129","Automated Retail in the Pet Industry: Meeting Demand with Smarter In-Store Tech","3002","https://trocglobal.com/automated-retail-in-the-pet-industry-meeting-demand-with-smarter-in-store-tech/","1","0","2"
"/automated-retail-innovation-troc-arki-show/","200","Automated Retail Innovation: T-ROC at the ARKI Show","51","150","Automation is reshaping retail faster than ever — and the teams who understand how to turn technology into performance are the ones leading the next chapter.","1169","https://trocglobal.com/automated-retail-innovation-troc-arki-show/","1","0","2"
"/automated-retail-revolutionizing-the-future-of-shopping/","200","Automated Retail: The Future of Shopping | T-ROC","48","139","Automated Retail: Revolutionizing the Future of Shopping","1506","https://trocglobal.com/automated-retail-revolutionizing-the-future-of-shopping/","1","0","2"
"/automated-retail-services/","200","Automated Retail Services &amp; Program Management | T-ROC","58","149","Automated Retail Services","3798","https://trocglobal.com/automated-retail-services/","1","0","1"
"/automated-retail-trends-arki-insights/","200","Real Automated Retail Trends Shaping 2026 | ARKI Insights","57","144","Beyond the Hype: The Real Automated Retail Trends Shaping 2026","2683","https://trocglobal.com/automated-retail-trends-arki-insights/","1","0","2"
"/automated-retail-vs-retail-automation/","200","Automated Retail vs. Retail Automation: Key Differences","55","158","Automated Retail vs. Retail Automation: What’s the Difference?","1581","https://trocglobal.com/automated-retail-vs-retail-automation/","1","0","3"
"/automotive-retail-services-in-michigan/","200","Automotive Retail Services in Michigan | T-ROC","46","140","Automotive Retail Services in Michigan | T-ROC Global","459","https://trocglobal.com/automotive-retail-services-in-michigan/","1","0","1"
"/b-mall-redevelopment-investment-trends/","200","B Mall Redevelopment: Surprising Retail Investment Shift","56","154","Are B Malls Having a Moment? Inside the Surprising Shift in Retail Investment","1151","https://trocglobal.com/b-mall-redevelopment-investment-trends/","1","0","2"
"/baby-tech-retail-innovation-future/","200","Baby Tech: Driving the Next Generation of Retail Innovation","59","153","Babies Are Nurturing The Next Generation Of Retail Technology And Here&#8217;s Why","1474","https://trocglobal.com/baby-tech-retail-innovation-future/","1","0","2"
"/beauty-retail-services-in-california/","200","Beauty Retail Services in California | T-ROC","44","138","Beauty Retail Services in California | T-ROC Global","474","https://trocglobal.com/beauty-retail-services-in-california/","1","0","1"
"/beauty-retail-services-in-new-york/","200","Beauty Retail Services in New York | T-ROC","42","136","Beauty Retail Services in New York | T-ROC Global","515","https://trocglobal.com/beauty-retail-services-in-new-york/","1","0","1"
"/best-brand-ambassador/","200","The Best Brand Ambassador: A Guide to Effective Brand Representation - T-ROC","76","145","The Best Brand Ambassador: A Guide to Effective Brand Representation","1629","https://trocglobal.com/best-brand-ambassador/","1","0","2"
"/beyond-retail-basics-how-t-roc-is-redefining-customer-experience-and-brand-impact/","200","Beyond Retail Basics: How T-ROC is Redefining Customer Experience and Brand Impact - T-ROC","90","138","Beyond Retail Basics: How T-ROC is Redefining Customer Experience and Brand Impact","1514","https://trocglobal.com/beyond-retail-basics-how-t-roc-is-redefining-customer-experience-and-brand-impact/","1","0","2"
"/beyond-surge-pricing-a-smarter-model-for-automated-retail/","200","Beyond surge pricing: A smarter model for automated retail - T-ROC","66","90","Beyond surge pricing: A smarter model for automated retail","2335","https://trocglobal.com/beyond-surge-pricing-a-smarter-model-for-automated-retail/","1","0","1"
"/beyond-the-planogram-how-strategic-retail-merchandising-services-drive-real-revenue/","200","Strategic Retail Merchandising Services Drive Real Revenue","58","142","Beyond the Planogram: How Strategic Retail Merchandising Services Drive Real Revenue","2542","https://trocglobal.com/beyond-the-planogram-how-strategic-retail-merchandising-services-drive-real-revenue/","1","0","3"
"/beyond-the-toolbox-4-critical-questions-to-ask-before-you-choose-a-product-assembly-company/","200","How to choose a Product Assembly Company | T-ROC","48","140","Beyond the Toolbox: 4 Critical Questions to Ask Before You Choose a Product Assembly Company","1336","https://trocglobal.com/beyond-the-toolbox-4-critical-questions-to-ask-before-you-choose-a-product-assembly-company/","1","0","2"
"/blog-health-tech-merchandising-guide/","200","Blog Health Tech Merchandising Guide | T-ROC","44","120","The Ultimate Guide to Health Tech Merchandising: Winning in a $660 Billion Market","1427","https://trocglobal.com/blog-health-tech-merchandising-guide/","1","0","1"
"/blog/","200","T-ROC Blog: Retail, Technology &amp; Customer Experience","56","119","News, Recognition and Insights","444","https://trocglobal.com/blog/","1","0","1"
"/boost-in-store-sales-and-build-loyalty-with-a-professional-brand-ambassador-service/","200","Boost In-Store Sales with Brand Ambassador Services","51","152","Boost In-Store Sales and Build Loyalty with a Professional Brand Ambassador Service","1151","https://trocglobal.com/boost-in-store-sales-and-build-loyalty-with-a-professional-brand-ambassador-service/","1","0","1"
"/brand-advocacy-strategy/","200","How to Build a Strong Brand | T-ROC | Brand Advocacy","52","145","Brand Advocacy: The Key to Driving Trust, Visibility, and Sales","1314","https://trocglobal.com/brand-advocacy-strategy/","1","0","2"
"/brand-ambassador-contract-what-to-look-for/","200","Brand Ambassador Contract: What to Look For - T-ROC","51","140","Brand Ambassador Contract: What to Look For","2363","https://trocglobal.com/brand-ambassador-contract-what-to-look-for/","1","0","2"
"/brand-ambassador-jobs/","200","Brand Ambassador Jobs | T-ROC Global Careers | T-ROC","52","136","Brand Ambassador Jobs | T-ROC Global Careers","750","https://trocglobal.com/brand-ambassador-jobs/","1","0","1"
"/brand-ambassador-program-guide/","200","Brand Ambassador Programs: The Complete Guide for Retail Brands (2026) - T-ROC","78","155","Brand Ambassador Programs: The Complete Guide for Retail Brands (2026)","4401","https://trocglobal.com/brand-ambassador-program-guide/","1","0","1"
"/brand-ambassador-services-for-beauty/","200","Brand Ambassador Services for Beauty Brands | T-ROC","51","158","Brand Ambassador Services for Beauty Brands | T-ROC Global","521","https://trocglobal.com/brand-ambassador-services-for-beauty/","1","0","1"
"/brand-ambassador-services-for-cpg/","200","Brand Ambassador Services for CPG Brands | T-ROC","48","155","Brand Ambassador Services for CPG Brands | T-ROC Global","520","https://trocglobal.com/brand-ambassador-services-for-cpg/","1","0","1"
"/brand-ambassador-services-for-wireless-retail/","200","Brand Ambassador Services for Wireless Retail | T-ROC","53","154","Brand Ambassador Services for Wireless Retail | T-ROC Global","727","https://trocglobal.com/brand-ambassador-services-for-wireless-retail/","1","0","1"
"/brand-ambassador-staffing-cost/","200","How Much Does Brand Ambassador Staffing Cost? 2026 Pricing Guide | T-ROC","72","149","How Much Does Brand Ambassador Staffing Cost? 2026 Pricing Guide | T-ROC Global","1151","https://trocglobal.com/brand-ambassador-staffing-cost/","1","0","1"
"/brand-ambassador-vs-in-house-retail-labor/","200","Brand Ambassador Services vs. In-House Retail Labor: Decision Framework | T-ROC","79","156","Brand Ambassador Services vs. In-House Retail Labor: Decision Framework | T-ROC Global","834","https://trocglobal.com/brand-ambassador-vs-in-house-retail-labor/","1","0","1"
"/brand-ambassadors-in-retail/","200","Retail Brand Ambassadors Strategy to Win Loyalty | T-ROC","56","123","Brand Ambassadors in Retail: The Strategy Smart Brands Use to Win Loyalty","2503","https://trocglobal.com/brand-ambassadors-in-retail/","1","0","3"
"/brand-ambassadors-vs-digital-ads-the-real-force-behind-black-friday-success/","200","Brand Ambassadors vs Digital Ads: The Black Friday Force","56","151","Brand Ambassadors vs Digital Ads: The Real Force Behind Black Friday Success","1306","https://trocglobal.com/brand-ambassadors-vs-digital-ads-the-real-force-behind-black-friday-success/","1","0","2"
"/break-fix-services-for-retail-displays-keeping-stores-reliable/","200","Break-Fix Retail Display Services: Keep Stores Reliable","55","147","Break-Fix Services for Retail Displays: Keeping Stores Reliable","1232","https://trocglobal.com/break-fix-services-for-retail-displays-keeping-stores-reliable/","1","0","3"
"/brett-beveridge-driving-explosive-growth-by-harnessing-the-power-of-people-and-technology-in-retail/","200","Brett Beveridge Talks About Driving Explosive Growth | T-ROC","60","146","Brett Beveridge: Driving Explosive Growth by Harnessing the Power of People and Technology in Retail","2320","https://trocglobal.com/brett-beveridge-driving-explosive-growth-by-harnessing-the-power-of-people-and-technology-in-retail/","1","0","2"
"/brett-beveridge-named-one-of-floridas-most-influential-business-leaders-for-sixth-consecutive-year-by-florida-trend/","200","Brett Beveridge Named Florida&#039;s Most Influential Business Leader","69","155","Brett Beveridge Named One of Florida&#8217;s Most Influential Business Leaders for Sixth Consecutive Year by Florida Trend","943","https://trocglobal.com/brett-beveridge-named-one-of-floridas-most-influential-business-leaders-for-sixth-consecutive-year-by-florida-trend/","1","0","2"
"/bringing-value-to-our-clients-a-success-in-jefferson-ga/","200","Bringing Value to Our Clients: A Success in Jefferson, GA - T-ROC","65","155","Bringing Value to Our Clients: A Success in Jefferson, GA","691","https://trocglobal.com/bringing-value-to-our-clients-a-success-in-jefferson-ga/","1","1","2"
"/can-brick-and-mortar-stores-survive-in-the-age-of-online-shopping/","200","Brick-and-Mortar Stores in the Age of Online Shopping","53","146","Can Brick-and-Mortar Stores Survive in the Age of Online Shopping?","1076","https://trocglobal.com/can-brick-and-mortar-stores-survive-in-the-age-of-online-shopping/","1","0","2"
"/careers/","200","Careers at T-ROC Global | Retail Services Jobs Nationwide | T-ROC","65","154","Careers at T-ROC Global | Retail Services Jobs Nationwide","959","https://trocglobal.com/careers/","1","0","1"
"/case-studies/","200","Retail Case Studies | Proven Results by T-ROC","45","110","Relationships, Results and Revenue","2413","https://trocglobal.com/case-studies/","1","0","1"
"/case-studies/apple-case-study/","200","T-ROC Drives $17 to $22 ROI for Apple Through Brand Ambassadors and International Retail Expansion","98","0","#1 Global Consumer Brand. 17-22X ROI.","726","","0","0","0"
"/case-studies/at-t-case-study/","200","T-ROC Staffs 66 AT&amp;T Stores in 90 Days with Full Sales Training and Field Management Across 15 Markets","106","0","66 Stores. 90 Days. Unrivaled Retail Staffing Expertise.","610","","0","0","0"
"/case-studies/belkins-case-study/","200","T-ROC Increases Belkin Brand Preference from 30% to 70% Among Verizon Sales Associates in Just One Year","103","0","70 % brand preference surge.","556","","0","0","0"
"/case-studies/bose-case-study/","200","Bose Chooses T-ROC for Multi-Year Product Launches, Break-Fix Support, and Holiday Sales Events Nationwide","106","0","Up to 202 % ROI. 98 % Compliance.","722","","0","0","0"
"/case-studies/cricket-wireless-case-study/","200","T-ROC Achieves 300% Sales Growth at Target and 73 Percent Boost at Walmart for Cricket Wireless","95","0","10 years. 10,000+ stores. 2X YOY revenue growth.","760","","0","0","0"
"/case-studies/cricket-wireless/","200","Cricket Wireless","16","0","Cricket Brand Ambassadors","332","","0","0","0"
"/case-studies/dbramante-case-study/","200","T-ROC Launches dbramante1928 in 600+ Verizon Stores with Just 45 Brand Ambassadors Across 27 States","99","0","Not Just Brand Ambassadors… Brand Builders.","717","","0","0","0"
"/case-studies/ecoatm-case-study/","200","T-ROC Drives 6000+ Customer Interactions and Doubles Drop-Off Rates for ecoATM in Key Test Markets","98","0","6 Retail Specialists. Up to 3X More Results.","651","","0","0","0"
"/case-studies/epson-case-study/","200","T-ROC Helps Epson Become the #1 Printer Brand in North America with Field Teams Driving Inkjet Sales","100","0","Winning the #1 Spot Over Competitors.","682","","0","0","0"
"/case-studies/hisense-case-study/","200","T-ROC Drives Record Unit Growth for Hisense with Targeted Retail Expansion and $4.6 Million in Revenue Gains","108","0","Helping a #2 Brand Get Closer to #1.","600","","0","0","0"
"/case-studies/hisense-mystery-shopping-case-study/","200","T-ROC Delivers 97 Percent Execution in 1600+ Lowe’s Stores for Hisense Merchandising Blitz","90","0","Unveiling Consumer Perceptions to Sharpen Brand Strategy.","576","","0","0","0"
"/case-studies/lovesac/","200","LoveSac","7","0","T-ROC Powers Lovesac&#x27;s Nationwide Costco Initiative","619","","0","0","0"
"/case-studies/mattress-warehouse-case-study/","200","T-ROC Powers 300+ Store Evaluations for Mattress Warehouse with Real-Time Reporting and Competitive Intelligence","112","0","Evaluating Sales &amp; Service Skills to Unlock Areas for Improvement.","661","","0","0","0"
"/case-studies/moneygram-case-study/","200","T-ROC Conducts 400+ Monthly Compliance Audits for MoneyGram Across 4700 Walmart Locations","89","0","Driving Compliance for a Financial Services Leader.","532","","0","0","0"
"/case-studies/pdg-powersports-case-study/","200","T-ROC Drives $1 Million in Sales for PDG Powersports in Just 8 Weeks Across Costco Road Shows","93","0","$1M in Sales. 8 Weeks. 28 Locations.","724","","0","0","0"
"/case-studies/samsung-case-study/","200","T-ROC Launches 3 Samsung Experience Stores in Just 90 Days, Driving $2 Million in Sales Within 45 Days","102","0","3 Flagship Retail Stores Launched in 90 Days.","637","","0","0","0"
"/case-studies/samsung/","200","Samsung","7","0","Creating A Wow Experience For Samsung Customers.","358","","0","0","0"
"/case-studies/simplisafe-case-study/","200","SimpliSafe - We make the unthinkable happen","43","0","Unlocking Retail Success for a Leading Home Security Brand.","574","","0","0","0"
"/case-studies/t-mobile-case-study/","200","T-ROC Delivers 95% Sales and Ops Performance for T-Mobile Across 74 Stores","74","0","95 % Sales &amp; Operations Performance for 9+ Years.","581","","0","0","0"
"/case-studies/t-mobile/","200","T-Mobile","8","0","We Own, Operate and Optimize.","376","","0","0","0"
"/case-studies/tcl-case-study/","200","T-ROC Helps TCL Grow into 5,000 Retail Stores and Surpass Monthly Sales Goals","77","0","15 Mobile Brand Experts. 5,000 Wireless Stores. Big Results.","595","","0","0","0"
"/case-studies/tracfone-case-study/","200","T-ROC Generates $7.1 Million in Sales for TracFone in Just 6 Months","67","0","500+ Employees. 4 Months. Zero Fraud.","711","","0","0","0"
"/case-studies/training/","200","Training","8","0","A Major Insurance Provider Makes A Smart Training Call","392","","0","0","0"
"/case-studies/trend-micro-case-study/","200","From 20 to 50% Market Share—T-ROC Powers Trend Micro’s Retail Growth and Store Coverage","87","0","2 years to 50 % Market Share.","592","","0","0","0"
"/case-studies/twinkly/","200","Twinkly","7","0","Optimizing Retail Display Performance to Drive Sales","555","","0","0","0"
"/case-studies/us-cellular-case-study/","200","T-ROC Drives Seamless Retail Management for UScellular from Product Launches to In-Store Demos","94","0","15 Stores. 4 States. Unmatched Retail Expertise.","618","","0","0","0"
"/case-studies/walmart-assembly-case-study/","200","T-ROC Assembles 26,000 to 36,000 Units Weekly for Walmart, Including Bikes and Furniture","88","0","130 % Efficiency for In-Store Assembly.","597","","0","0","0"
"/case-studies/walmart-assembly/","200","Assembly Technicians","20","0","Putting It All Together For One of the Nation&#x27;s Largest Retailers","438","","0","0","0"
"/case-studies/walmart-rfid/","200","Walmart RFID","12","0","Walmart","398","","0","0","0"
"/case-studies/walmart-worp-case-study/","200","T-ROC Executes Over 300 Store Remodels for Walmart Nationwide","61","0","300+ Store-wide Remodels Executed Nationwide.","543","","0","0","0"
"/case-studies/walmart-wsp-revamped-case-study/","200","T-ROC Drives 124% Growth in Walmart&#x27;s Wireless Postpaid Sales","66","0","More than 110 % Sales Growth in Multiple Wireless Categories.","844","","0","0","0"
"/case-studies/walmart/","200","Walmart","7","0","It&#x27;d Be Impossible If It Wasn&#x27;t True.","412","","0","0","0"
"/case-studies/xfinity-case-study/","200","Xfinity and T-ROC Partner to Drive Double-Digit Revenue Growth","62","0","Supporting Xfinity Growth Across Two Retail Channels.","635","","0","0","0"
"/case-studies/xfinity/","200","Xfinity","7","0","Skin In The Game With Xfinity.","334","","0","0","0"
"/case-study-category/assembly/","200","Assembly Archives - T-ROC","25","0","Assembly","130","https://trocglobal.com/case-study-category/assembly/","1","0","1"
"/case-study-category/assisted-selling/","200","Assisted Selling Archives - T-ROC","33","0","Assisted Selling","132","https://trocglobal.com/case-study-category/assisted-selling/","1","0","1"
"/case-study-category/automated-retail/","200","Automated Retail Archives - T-ROC","33","0","Automated Retail","132","https://trocglobal.com/case-study-category/automated-retail/","1","0","1"
"/case-study-category/brand-ambassadors/","200","Brand Ambassadors Archives - T-ROC","34","0","Brand Ambassadors","132","https://trocglobal.com/case-study-category/brand-ambassadors/","1","0","1"
"/case-study-category/field-team-management/","200","Field Team Management Archives - T-ROC","38","0","Field Team Management","134","https://trocglobal.com/case-study-category/field-team-management/","1","0","1"
"/case-study-category/merchandising/","200","Merchandising Archives - T-ROC","30","0","Merchandising","130","https://trocglobal.com/case-study-category/merchandising/","1","0","1"
"/case-study-category/mystery-shopping-audits/","200","Mystery Shopping &amp; Audits Archives - T-ROC","46","0","Mystery Shopping &amp; Audits","136","https://trocglobal.com/case-study-category/mystery-shopping-audits/","1","0","1"
"/case-study-category/procurement-fulfillment-solutions/","200","Procurement &amp; Fulfillment Solutions Archives - T-ROC","56","0","Procurement &amp; Fulfillment Solutions","136","https://trocglobal.com/case-study-category/procurement-fulfillment-solutions/","1","0","1"
"/case-study-category/retail-analytics-data-insights/","200","Retail Analytics &amp; Data Insights Archives - T-ROC","53","0","Retail Analytics &amp; Data Insights","138","https://trocglobal.com/case-study-category/retail-analytics-data-insights/","1","0","1"
"/case-study-category/retail-engagement/","200","Retail Engagement Archives - T-ROC","34","0","Retail Engagement","132","https://trocglobal.com/case-study-category/retail-engagement/","1","0","1"
"/case-study-category/road-shows-pop-ups/","200","Road Shows &amp; Pop-Ups Archives - T-ROC","41","0","Road Shows &amp; Pop-Ups","136","https://trocglobal.com/case-study-category/road-shows-pop-ups/","1","0","1"
"/case-study-category/sales-reps/","200","Sales Reps Archives - T-ROC","27","0","Sales Reps","132","https://trocglobal.com/case-study-category/sales-reps/","1","0","1"
"/case-study-category/staffing-training/","200","Staffing &amp; Training Archives - T-ROC","40","0","Staffing &amp; Training","134","https://trocglobal.com/case-study-category/staffing-training/","1","0","1"
"/case-study-category/store-resets/","200","Store Resets Archives - T-ROC","29","0","Store Resets","132","https://trocglobal.com/case-study-category/store-resets/","1","0","1"
"/case_study_tag/automotive/","200","Automotive Archives - T-ROC","27","0","Automotive","130","https://trocglobal.com/case_study_tag/automotive/","1","0","1"
"/case_study_tag/consumer-electronics/","200","Consumer Electronics Archives - T-ROC","37","0","Consumer Electronics","132","https://trocglobal.com/case_study_tag/consumer-electronics/","1","0","1"
"/case_study_tag/consumer-goods-furniture/","200","Consumer Goods (Furniture) Archives - T-ROC","43","0","Consumer Goods (Furniture)","134","https://trocglobal.com/case_study_tag/consumer-goods-furniture/","1","0","1"
"/case_study_tag/cybersecurity/","200","Cybersecurity Archives - T-ROC","30","0","Cybersecurity","130","https://trocglobal.com/case_study_tag/cybersecurity/","1","0","1"
"/case_study_tag/electronics-recycling/","200","Electronics Recycling Archives - T-ROC","38","0","Electronics Recycling","132","https://trocglobal.com/case_study_tag/electronics-recycling/","1","0","1"
"/case_study_tag/financial-services/","200","Financial Services Archives - T-ROC","35","0","Financial Services","132","https://trocglobal.com/case_study_tag/financial-services/","1","0","1"
"/case_study_tag/home-security-smart-home/","200","Home Security / Smart Home Archives - T-ROC","43","0","Home Security / Smart Home","138","https://trocglobal.com/case_study_tag/home-security-smart-home/","1","0","1"
"/case_study_tag/retail/","200","Retail Archives - T-ROC","23","0","Retail","130","https://trocglobal.com/case_study_tag/retail/","1","0","1"
"/case_study_tag/telecommunications/","200","Telecommunications Archives - T-ROC","35","0","Telecommunications","130","https://trocglobal.com/case_study_tag/telecommunications/","1","0","1"
"/cashierless-stores-future/","200","The Rise of Cashierless Stores | T-ROC | Retail Stores","54","135","The Future of Cashierless Stores: Trends, Challenges, and Innovations","1387","https://trocglobal.com/cashierless-stores-future/","1","0","2"
"/ces-2025-t-roc-and-hisense-gear-up-for-an-unforgettable-tech-showcase/","200","CES 2025: T-ROC and Hisense Bring Innovation to the Show","56","143","CES 2025: T-ROC and Hisense Gear Up for an Unforgettable Tech Showcase","1065","https://trocglobal.com/ces-2025-t-roc-and-hisense-gear-up-for-an-unforgettable-tech-showcase/","1","0","2"
"/ces-2026-retail-execution/","200","CES 2026 Retail Execution: How Brands Win in the Aisle - T-ROC","62","142","CES 2026 Retail Execution: How Brands Win in the Aisle","2480","https://trocglobal.com/ces-2026-retail-execution/","1","0","2"
"/ces-2026-retail-trends-execution/","200","CES 2026 Retail Trends: From Innovation to Store Results - T-ROC","64","144","CES 2026 Retail Trends: From Innovation to Store Results","2615","https://trocglobal.com/ces-2026-retail-trends-execution/","1","0","2"
"/chile-actualizacion-del-mercado-retail-para-el-primer-trimestre-de-2022/","200","About T-ROC | Retail Sales &amp; Revenue Engine","47","149","The quick answer is optimized revenue. The full answer is one heck of a story.","841","https://trocglobal.com/company/","0","0","2"
"/client-results/","200","Client Results &amp; Testimonials - T-ROC","41","148","Client Results &amp; Testimonials","862","https://trocglobal.com/client-results/","1","0","1"
"/clienteling-applications/","200","Unlocking Customer Loyalty Through Advanced Clienteling Applications - T-ROC","76","152","Unlocking Customer Loyalty Through Advanced Clienteling Applications","1880","https://trocglobal.com/clienteling-applications/","1","0","2"
"/clienteling-platform/","200","Maximize Customer Engagement with a Clienteling Platform - T-ROC","64","157","Maximize Customer Engagement with a Clienteling Platform","1756","https://trocglobal.com/clienteling-platform/","1","0","2"
"/clienteling-retail/","200","How is Clienteling Pivotal to Modern Retail Growth? - T-ROC","59","152","How is Clienteling Pivotal to Modern Retail Growth?","1297","https://trocglobal.com/clienteling-retail/","1","0","2"
"/clienteling-software/","200","Boost Customer Engagement with Clienteling Software - T-ROC","59","149","Boost Customer Engagement with Clienteling Software","1475","https://trocglobal.com/clienteling-software/","1","0","2"
"/clienteling-tools/","200","Enhance Customer Relationships with Clienteling Tools - T-ROC","61","156","Enhance Customer Relationships with Clienteling Tools","1562","https://trocglobal.com/clienteling-tools/","1","0","2"
"/coming-full-circle-reflecting-on-my-journey-with-the-university-of-miami-and-the-future-of-business-education/","200","Why the UM Shapes Future Business Leaders | T-ROC","49","138","Coming Full Circle: Reflecting on My Journey with the University of Miami and the Future of Business Education","1042","https://trocglobal.com/coming-full-circle-reflecting-on-my-journey-with-the-university-of-miami-and-the-future-of-business-education/","1","0","2"
"/community/","200","The T-ROC Community | People, Culture &amp; Connection","54","106","There is no us, without you","952","https://trocglobal.com/community/","1","0","1"
"/community/%f0%9d%97%a7-%f0%9d%97%a5%f0%9d%97%a2%f0%9d%97%96-%f0%9d%97%95%f0%9d%97%a5%f0%9d%97%a2%f0%9d%97%a2%f0%9d%97%a0-%f0%9d%97%96%f0%9d%97%9b%f0%9d%97%94%f0%9d%97%9f%f0%9d%97%9f%f0%9d%97%98%f0%9d%97%a1/","200","T-ROC Broom Challenge: Men vs. Women - T-ROC","44","114","T-ROC Broom Challenge: Men vs. Women","139","https://trocglobal.com/community/𝗧-𝗥𝗢𝗖-𝗕𝗥𝗢𝗢𝗠-𝗖𝗛𝗔𝗟𝗟𝗘𝗡/","0","0","1"
"/community/5-star-review-kings-hwy-kyle-2/","200","5-Star Review: Kyle Lamy, from Optimum Kings Hwy - T-ROC","56","126","5-Star Review: Kyle Lamy, from Optimum Kings Hwy","143","https://trocglobal.com/community/5-star-review-kings-hwy-kyle-2/","1","0","1"
"/community/8566/","200","Day in the Life Series: Walmart Assembly Program - T-ROC","56","126","Day in the Life Series: Walmart Assembly Program","143","https://trocglobal.com/community/8566/","1","0","1"
"/community/8568/","200","Day in the Life Series: Mobile Store Operators - T-ROC","54","124","Day in the Life Series: Mobile Store Operators","143","https://trocglobal.com/community/8568/","1","0","1"
"/community/adaptable-solutions-team-opens-logistics-warehouse-facility/","200","Adaptable Solutions Team Opens Logistics Warehouse Facility - T-ROC","67","137","Adaptable Solutions Team Opens Logistics Warehouse Facility","141","https://trocglobal.com/community/adaptable-solutions-team-opens-logistics-warehouse-facility/","1","0","1"
"/community/amaze-your-customers/","200","T-ROC Core Value: Amaze Your Customers - T-ROC","46","116","T-ROC Core Value: Amaze Your Customers","139","https://trocglobal.com/community/amaze-your-customers/","1","0","1"
"/community/be-a-passionate-entrepreneur/","200","T-ROC Core Value: Be a Passionate Entrepreneur - T-ROC","54","124","T-ROC Core Value: Be a Passionate Entrepreneur","141","https://trocglobal.com/community/be-a-passionate-entrepreneur/","1","0","1"
"/community/embrace-change-embrace-learning/","200","T-ROC Core Value: Embrace change, Embrace learning - T-ROC","58","128","T-ROC Core Value: Embrace change, Embrace learning","141","https://trocglobal.com/community/embrace-change-embrace-learning/","1","0","1"
"/community/halloween-2022-at-t-roc-hq/","200","T-ROC HQ Celebrates Halloween 2022 - T-ROC","42","112","T-ROC HQ Celebrates Halloween 2022","137","https://trocglobal.com/community/halloween-2022-at-t-roc-hq/","1","0","1"
"/community/hisense-t-rocers-ces-2023/","200","Hisense T-ROCers @ CES 2023 - T-ROC","35","105","Hisense T-ROCers @ CES 2023","137","https://trocglobal.com/community/hisense-t-rocers-ces-2023/","1","0","1"
"/community/humans-of-t-roc-justin-fry/","200","Humans of T-ROC: Justin Fry - T-ROC","35","105","Humans of T-ROC: Justin Fry","137","https://trocglobal.com/community/humans-of-t-roc-justin-fry/","1","0","1"
"/community/introducing-the-t-roc-cares-community-fund/","200","Introducing the T-ROC Cares Community Fund - T-ROC","50","120","Introducing the T-ROC Cares Community Fund","139","https://trocglobal.com/community/introducing-the-t-roc-cares-community-fund/","1","0","1"
"/community/living-our-core-values-empowering-success-at-t-roc/","200","Living Our Core Values: Empowering Success at T-ROC - T-ROC","59","129","Living Our Core Values: Empowering Success at T-ROC","143","https://trocglobal.com/community/living-our-core-values-empowering-success-at-t-roc/","1","0","1"
"/community/ltm-day-to-day-operations/","200","Day in the Life Series: LTM Day to Day Operations - T-ROC","57","127","Day in the Life Series: LTM Day to Day Operations","147","https://trocglobal.com/community/ltm-day-to-day-operations/","1","0","1"
"/community/make-honesty-and-integrity-win-every-time/","200","T-ROC Core Value: Make Honesty and Integrity Win Every Time - T-ROC","67","137","T-ROC Core Value: Make Honesty and Integrity Win Every Time","147","https://trocglobal.com/community/make-honesty-and-integrity-win-every-time/","1","0","1"
"/community/t-roc-cares-marketing-team-volunteers-camillus-house/","200","T-ROC Cares: Marketing Team Volunteers @ Camillus House - T-ROC","63","133","T-ROC Cares: Marketing Team Volunteers @ Camillus House","143","https://trocglobal.com/community/t-roc-cares-marketing-team-volunteers-camillus-house/","1","0","1"
"/community/t-roc-christmas-wars-2019/","200","Christmas Wars at T-ROC HQ 2019 - T-ROC","39","109","Christmas Wars at T-ROC HQ 2019","139","https://trocglobal.com/community/t-roc-christmas-wars-2019/","1","0","1"
"/community/t-roc-hq-2023-miami-lexus-corporate-run/","200","T-ROC HQ @ 2023 Miami Lexus Corporate Run! - T-ROC","50","120","T-ROC HQ @ 2023 Miami Lexus Corporate Run!","143","https://trocglobal.com/community/t-roc-hq-2023-miami-lexus-corporate-run/","1","0","1"
"/community/t-roc-hq-celebrates-easter-2023/","200","T-ROC HQ Celebrates Easter 2023! - T-ROC","40","110","T-ROC HQ Celebrates Easter 2023!","137","https://trocglobal.com/community/t-roc-hq-celebrates-easter-2023/","1","0","1"
"/community/t-roc-hq-celebrates-national-icecream-day-2022/","200","T-ROC HQ Celebrates National Icecream Day 2022 - T-ROC","54","124","T-ROC HQ Celebrates National Icecream Day 2022","141","https://trocglobal.com/community/t-roc-hq-celebrates-national-icecream-day-2022/","1","0","1"
"/community/t-roc-in-partnership-with-olpc-and-first-star-um-academy-give-back-to-the-community/","200","T-ROC In Partnership With OLPC AND First Star UM Academy, Give Back to the Community - T-ROC","92","154","T-ROC In Partnership With OLPC AND First Star UM Academy, Give Back to the Community","157","https://trocglobal.com/community/t-roc-in-partnership-with-olpc-and-first-star-um-academy-give-back-to-the-community/","1","0","1"
"/community/t-roc-presents-fathersdaymemories-2023/","200","T-ROC Presents #FathersDayMemories 2023 - T-ROC","47","117","T-ROC Presents #FathersDayMemories 2023","135","https://trocglobal.com/community/t-roc-presents-fathersdaymemories-2023/","1","0","1"
"/community/t-roc-presents-mothersdaymemories-2023/","200","T-ROC Presents #MothersDayMemories 2023 - T-ROC","47","117","T-ROC Presents #MothersDayMemories 2023","135","https://trocglobal.com/community/t-roc-presents-mothersdaymemories-2023/","1","0","1"
"/community/t-roc-superbowl-party-2023/","200","T-ROC HQ Celebrates The Superbowl With A Tailgate Party 2023 - T-ROC","68","138","T-ROC HQ Celebrates The Superbowl With A Tailgate Party 2023","147","https://trocglobal.com/community/t-roc-superbowl-party-2023/","1","0","1"
"/community/tcl-t-rocers-ces/","200","TCL T-ROCers @ CES 2023 - T-ROC","31","101","TCL T-ROCers @ CES 2023","137","https://trocglobal.com/community/tcl-t-rocers-ces/","1","0","1"
"/community/trocgoespink-2022/","200","#TROCgoesPINK 2022 - T-ROC","26","96","#TROCgoesPINK 2022","131","https://trocglobal.com/community/trocgoespink-2022/","1","0","1"
"/community/uscellular-ponca-city-grand-opening/","200","UScellular Ponca City Grand Opening - T-ROC","43","113","UScellular Ponca City Grand Opening","137","https://trocglobal.com/community/uscellular-ponca-city-grand-opening/","1","0","1"
"/community/whats-an-overnight-reset/","200","Day in the Life Series: Walmart Overnight Reset Program - T-ROC","63","133","Day in the Life Series: Walmart Overnight Reset Program","145","https://trocglobal.com/community/whats-an-overnight-reset/","1","0","1"
"/company/","200","About T-ROC | Retail Sales &amp; Revenue Engine","47","149","The quick answer is optimized revenue. The full answer is one heck of a story.","841","https://trocglobal.com/company/","1","0","2"
"/complete-guide-b2b-sales-outsourcing-services/","200","Complete Guide: B2B Sales Outsourcing Services - T-ROC","54","146","Complete Guide: B2B Sales Outsourcing Services","2517","https://trocglobal.com/complete-guide-b2b-sales-outsourcing-services/","1","0","2"
"/consumer-electronics-retail-services-in-florida/","200","Consumer Electronics Retail Services in Florida | T-ROC","55","149","Consumer Electronics Retail Services in Florida | T-ROC Global","524","https://trocglobal.com/consumer-electronics-retail-services-in-florida/","1","0","1"
"/consumer-electronics-retail-services-in-new-york/","200","Consumer Electronics Retail Services in New York | T-ROC","56","150","Consumer Electronics Retail Services in New York | T-ROC Global","495","https://trocglobal.com/consumer-electronics-retail-services-in-new-york/","1","0","1"
"/consumer-spending-trends-retail-2026/","200","Consumer Spending Trends: What Retailers Must Know - T-ROC","58","143","Consumer Spending Trends: What Retailers Must Know","1253","https://trocglobal.com/consumer-spending-trends-retail-2026/","1","0","2"
"/contact/","200","Contact T-ROC | Retail Solutions Experts","40","119","Please select the category relating to your inquiry","517","https://trocglobal.com/contact/","1","0","2"
"/cpg-retail-services-in-california/","200","CPG Retail Services in California | T-ROC","41","135","CPG Retail Services in California | T-ROC Global","507","https://trocglobal.com/cpg-retail-services-in-california/","1","0","1"
"/cpg-retail-services-in-illinois/","200","CPG Retail Services in Illinois | T-ROC","39","133","CPG Retail Services in Illinois | T-ROC Global","458","https://trocglobal.com/cpg-retail-services-in-illinois/","1","0","1"
"/creating-lasting-brand-impressions-the-power-of-t-roc-roadshows-at-wholesale-clubs/","200","Learn how T-ROC created Brand Impressions at Wholesale Clubs","60","120","Creating Lasting Brand Impressions: The Power of T-ROC Roadshows at Wholesale Clubs","1289","https://trocglobal.com/creating-lasting-brand-impressions-the-power-of-t-roc-roadshows-at-wholesale-clubs/","1","0","2"
"/customer-engagement-campaigns/","200","How To Create An Effective Customer Engagement Campaign - T-ROC","63","144","How To Create An Effective Customer Engagement Campaign","2002","https://trocglobal.com/customer-engagement-campaigns/","1","0","2"
"/customer-engagement-program/","200","Creating a Successful Customer Engagement Program - T-ROC","57","152","Creating a Successful Customer Engagement Program","2066","https://trocglobal.com/customer-engagement-program/","1","0","2"
"/customer-engagement-strategy/","200","Innovative Customer Engagement Strategies: Revolutionizing the Business World - T-ROC","85","158","Innovative Customer Engagement Strategies: Revolutionizing the Business World","2361","https://trocglobal.com/customer-engagement-strategy/","1","0","4"
"/customer-experience-management/","200","The Power of Customer Experience Management - T-ROC","51","150","The Power of Customer Experience Management","2105","https://trocglobal.com/customer-experience-management/","1","0","2"
"/customer-experience-retail-guide/","200","Customer Experience in Retail: The Complete Guide (2026) - T-ROC","64","153","Customer Experience in Retail: The Complete Guide to CX That Drives Sales (2026)","4500","https://trocglobal.com/customer-experience-retail-guide/","1","0","1"
"/customer-experience-software/","200","Improve Customer Experience With Software | T-ROC","49","130","How to Improve Customer Experience with Software Solutions","2723","https://trocglobal.com/customer-experience-software/","1","0","2"
"/customer-loyalty-in-retail-brand-trust/","200","Built Customer Loyalty With Trust | T-ROC | Retail Brand","56","119","Customer Loyalty in Retail: Why Trust, Not Discounts, Keeps Shoppers Coming Back","1156","https://trocglobal.com/customer-loyalty-in-retail-brand-trust/","1","0","2"
"/deloittes-technology-fast-500-t-roc-won/","200","Deloitte’s “Technology Fast 500” – T-ROC won - T-ROC","52","156","Deloitte’s “Technology Fast 500” – T-ROC won","405","https://trocglobal.com/deloittes-technology-fast-500-t-roc-won/","1","1","2"
"/difference/","200","Why T-ROC: Retail Staffing, Technology &amp; Data Solutions","59","189","Solutions Engineered With ""The Power of AND""","874","https://trocglobal.com/difference/","1","0","1"
"/different-types-of-brand-ambassadors-2/","200","8 Different Types of Brand Ambassadors - T-ROC","46","157","8 Different Types of Brand Ambassadors","2711","https://trocglobal.com/different-types-of-brand-ambassadors-2/","1","0","3"
"/diversity-and-inclusion/","200","Diversity and Inclusion at T-ROC | Our People","45","114","Be Yourself and Bring It Every Day","562","https://trocglobal.com/diversity-and-inclusion/","1","0","1"
"/dollar-store-trends-wealthy-shoppers/","200","Dollar Store Trends: Why Wealthy Shoppers Are Trading Down - T-ROC","66","151","Dollar Store Trends: Why Wealthy Shoppers Are Trading Down","1128","https://trocglobal.com/dollar-store-trends-wealthy-shoppers/","1","0","2"
"/dont-just-survive-the-holiday-rush-your-guide-to-winning-q4-with-brand-ambassadors/","200","Win Q4 With Holiday Brand Ambassadors | T-ROC","45","130","Don&#8217;t Just Survive the Holiday Rush: Your Guide to Winning Q4 with Brand Ambassadors","1508","https://trocglobal.com/dont-just-survive-the-holiday-rush-your-guide-to-winning-q4-with-brand-ambassadors/","1","0","1"
"/driving-sales-with-experiential-events/","200","Driving Sales with Experiential Events - T-ROC","46","145","Driving Sales with Experiential Events","1116","https://trocglobal.com/driving-sales-with-experiential-events/","1","0","1"
"/ebook-papers/merchandising-e-book/","200","Merchandising - eBook","21","0","Innovative Strategies for Visual Merchandising in Retail","1089","","0","0","0"
"/ebook-papers/mystery-shopping-e-book/","200","Mystery Shopping - eBook","24","0","The Role of Mystery Shopping in Omnichannel Retail:","1021","","0","0","0"
"/ebook-papers/the-power-of-brand-ambassadors-e-book/","200","The Power of Brand Ambassadors - eBook","38","0","The Power of Brand Ambassadors:","732","","0","0","0"
"/ebook-papers/troc-brand-ambassador-white-paper/","200","TROC Brand Ambassador - White Paper","35","0","How Brand Ambassadors Drive Growth and Engagement","3052","","0","0","0"
"/elevate-your-brand-for-holidays-the-retail-brand-ambassador-service-advantage/","200","Holiday Retail Brand Ambassador Service Advantage","49","146","Elevate Your Brand for Holidays: Brand Ambassador Service Advantage (2026) | T-ROC","1073","https://trocglobal.com/elevate-your-brand-for-holidays-the-retail-brand-ambassador-service-advantage/","1","0","1"
"/endcap-display/","200","Endcap Displays: Paid For vs Actually Built","43","162","Endcap Displays: What You Pay For vs What Gets Built","1889","https://trocglobal.com/endcap-display/","1","0","1"
"/experiential-retail-pop-up-events-that-connect/","200","Experiential Retail Pop-Up Events That Connect - T-ROC","54","153","Experiential Retail Pop-Up Events That Connect","3018","https://trocglobal.com/experiential-retail-pop-up-events-that-connect/","1","0","2"
"/experiential-retail-pop-up-events/","200","Experiential Retail Pop-Up Events That Convert Shoppers","55","151","Experiential Retail Pop-Up Events: How Brands Create Experiences That Convert","1647","https://trocglobal.com/experiential-retail-pop-up-events/","1","0","2"
"/experiential-retail-strategy/","200","Experiential Retail Strategy: Complete Framework (2026) | T-ROC - T-ROC","71","153","Experiential Retail Strategy: Complete Framework (2026) | T-ROC","1715","https://trocglobal.com/experiential-retail-strategy/","1","0","1"
"/experiential-retail-trends-2026-levis-pop-up/","200","2026 Experiential Retail Trends: Levi&#039;s Home Turf Blueprint","64","148","2026 Experiential Retail Trends: Why Levi’s &#8220;Home Turf&#8221; is the Blueprint for Modern Brands","3172","https://trocglobal.com/experiential-retail-trends-2026-levis-pop-up/","1","0","2"
"/experiential-retail-trends/","200","Experiential Retail is Redefining Shopping: How Brands Are Winning Customers in 2025 - T-ROC","92","139","Experiential Retail is Redefining Shopping: How Brands Are Winning Customers in 2025","1538","https://trocglobal.com/experiential-retail-trends/","1","0","2"
"/exploring-the-value-of-mystery-shopping-for-top-tier-retail-companies/","200","Mystery Shopping for Top-Tier Retail Companies | T-ROC","54","141","Exploring the Value of Mystery Shopping for Top-Tier Retail Companies","1861","https://trocglobal.com/exploring-the-value-of-mystery-shopping-for-top-tier-retail-companies/","1","0","2"
"/field-marketing-agency/","200","Field Marketing Agency: Complete Services Guide + Pricing (2026) | T-ROC - T-ROC","80","157","Field Marketing Agency: Complete Services Guide + Pricing (2026) | T-ROC","2738","https://trocglobal.com/field-marketing-agency/","1","0","1"
"/field-team-services-cost/","200","How Much Do Field Team Services Cost? 2026 Pricing Guide | T-ROC","64","153","How Much Do Field Team Services Cost? 2026 Pricing Guide | T-ROC Global","660","https://trocglobal.com/field-team-services-cost/","1","0","1"
"/field-teams-for-restaurants/","200","Field Team Services for Restaurants &amp; QSR | T-ROC","53","160","Field Team Services for Restaurants &#038; QSR | T-ROC Global","534","https://trocglobal.com/field-teams-for-restaurants/","1","0","1"
"/five-tech-game-changers-poised-to-reshape-retail-dynamics/","200","Reshaping Retail Dynamics | T-ROC","33","126","Five Tech Game-Changers Poised to Reshape Retail Dynamics","1343","https://trocglobal.com/five-tech-game-changers-poised-to-reshape-retail-dynamics/","1","0","2"
"/five-ways-technology-can-solve-the-challenge-of-customer-returns/","200","Retail Returns Technology: 5 Ways Tech Reduces Waste | T-ROC","60","139","Forbes Technology Council Article: Five Ways Technology Can Solve The Challenge Of Customer Returns","1317","https://trocglobal.com/five-ways-technology-can-solve-the-challenge-of-customer-returns/","1","0","1"
"/forbes-article-from-popcorn-to-pop-ups-the-bold-new-era-of-retail-and-film-collaborations/","200","Forbes: From Popcorn To Pop-Ups — Retail &amp; Film Collabs","59","75","Forbes Article : From Popcorn To Pop-Ups: The Bold New Era Of Retail And Film Collaborations","1048","https://trocglobal.com/forbes-article-from-popcorn-to-pop-ups-the-bold-new-era-of-retail-and-film-collaborations/","1","0","2"
"/forbes-article-the-future-of-retail-is-hybrid-empowering-humans-with-technology/","200","Why Retail Success Depends on People and Technology | T-ROC","59","128","Forbes Article : The Future Of Retail Is Hybrid: Empowering Humans With Technology","1294","https://trocglobal.com/forbes-article-the-future-of-retail-is-hybrid-empowering-humans-with-technology/","1","0","2"
"/from-hustling-cell-phones-out-of-a-van-to-leading-one-of-the-nations-largest-retail-operators/","200","Brett Beveridge: From Van Sales to Retail Leader | T-ROC","56","139","From Hustling Cell Phones Out of a Van to Leading One of the Nation’s Largest Retail Operators","572","https://trocglobal.com/from-hustling-cell-phones-out-of-a-van-to-leading-one-of-the-nations-largest-retail-operators/","1","1","2"
"/from-shelf-to-sale-unlocking-growth-in-pet-tech-wellness-with-brand-ambassadors/","200","Growth in Pet Tech &amp; Wellness | T-ROC | Brand Ambassador","60","141","From Shelf to Sale: Unlocking Growth in Pet Tech &#038; Wellness with Brand Ambassadors","1640","https://trocglobal.com/from-shelf-to-sale-unlocking-growth-in-pet-tech-wellness-with-brand-ambassadors/","1","0","1"
"/fuel-costs-retail-inflation-margins/","200","The Ripple Effect: How Surging Fuel Costs Impact Retail Inflation - T-ROC","73","159","The Ripple Effect: How Surging Fuel Costs Impact Retail Inflation","1679","https://trocglobal.com/fuel-costs-retail-inflation-margins/","1","0","2"
"/future-of-retail-ai-automated-solutions-in-store-experience/","200","The Future of Retail: AI and Automated Solutions | T-ROC","56","120","The Future of Retail: How AI and Automated Solutions Are Redefining the In-Store Experience","1268","https://trocglobal.com/future-of-retail-ai-automated-solutions-in-store-experience/","1","0","2"
"/gen-z-cocreation-retail-marketing/","200","Gen Z Co-Creation: How Coach Drove 25% Growth","45","161","Beyond the Ad: How Coach Mastered Gen Z Co-Creation to Drive 25% Growth","1026","https://trocglobal.com/gen-z-cocreation-retail-marketing/","1","0","2"
"/general-retail-insights-guide/","200","Retail Insights Hub: Expert Perspectives on Running a High-Performance Retail Operation - T-ROC","95","156","Retail Insights Hub: Expert Perspectives on Running a High-Performance Retail Operation","3607","https://trocglobal.com/general-retail-insights-guide/","1","0","1"
"/google-shopify-ai-shopping-standard-retail-impact/","200","Google Shopify AI Shopping: A New Era for Retailers at NRF","58","155","The Google Shopify AI Shopping Standard: A New Era for Retailers at NRF 2026","1116","https://trocglobal.com/google-shopify-ai-shopping-standard-retail-impact/","1","0","2"
"/holiday-brand-ambassador-service-how-to-dominate-black-friday-and-win-the-season/","200","Holiday Brand Ambassador Service: Dominate Black Friday","55","154","Holiday Brand Ambassador Service: How to Dominate Black Friday and Win the Season","1372","https://trocglobal.com/holiday-brand-ambassador-service-how-to-dominate-black-friday-and-win-the-season/","1","0","2"
"/holiday-retail-readiness-compliance/","200","Holiday Retail Readiness: Compliance &amp; Peak Performance","59","149","Holiday Retail Readiness: Ensure Compliance &#038; Peak Performance","1213","https://trocglobal.com/holiday-retail-readiness-compliance/","1","0","2"
"/holiday-retail-staffing/","200","Holiday Retail Staffing: Complete Guide for Seasonal Surges (2026) | T-ROC - T-ROC","82","147","Holiday Retail Staffing: Complete Guide for Seasonal Surges (2026) | T-ROC","1266","https://trocglobal.com/holiday-retail-staffing/","1","0","1"
"/holiday-retail-strategies-brand-ambassadors/","200","Holiday Retail Strategies | T-ROC Brand Ambassadors","51","149","The Best Holiday Retail Strategies: The Power of Brand Ambassadors","1052","https://trocglobal.com/holiday-retail-strategies-brand-ambassadors/","1","0","1"
"/holiday-retail-strategy-guide/","200","Holiday Retail Strategy: The Complete Guide to Q4 Execution (2026) - T-ROC","74","151","Holiday Retail Strategy: The Complete Guide to Q4 Execution (2026)","4077","https://trocglobal.com/holiday-retail-strategy-guide/","1","0","1"
"/home-depot-world-cup-marketing-strategy/","200","Beyond the Pitch: Analyzing Home Depot’s World Cup Marketing and Community Strategy - T-ROC","91","162","Beyond the Pitch: Analyzing Home Depot’s World Cup Marketing and Community Strategy","912","https://trocglobal.com/home-depot-world-cup-marketing-strategy/","1","0","1"
"/how-ai-and-automation-in-retail-are-revolutionizing-customer-experience/","200","AI and Automation Transforming Retail Experience | T-ROC","56","130","How AI and Automation in Retail Are Revolutionizing Customer Experience","2010","https://trocglobal.com/how-ai-and-automation-in-retail-are-revolutionizing-customer-experience/","1","0","2"
"/how-ai-is-transforming-brick-and-mortar-retail-smarter-stores-better-customer-experiences/","200","How AI is Transforming Brick-and-Mortar Retail: Smarter Stores, Better Customer Experiences - T-ROC","99","130","How AI is Transforming Brick-and-Mortar Retail: Smarter Stores, Better Customer Experiences","2469","https://trocglobal.com/how-ai-is-transforming-brick-and-mortar-retail-smarter-stores-better-customer-experiences/","1","0","2"
"/how-an-early-cellphone-entrepreneur-took-on-global-retail-solutions/","200","How a Cellphone Entrepreneur Built Global Retail Solutions","58","148","How an early cellphone entrepreneur took on global retail solutions","1169","https://trocglobal.com/how-an-early-cellphone-entrepreneur-took-on-global-retail-solutions/","1","0","2"
"/how-artificial-intelligence-in-retail-is-transforming-brand-ambassador-programs/","200","AI in Retail: How Artificial Intelligence Is Transforming Stores","64","150","How Artificial Intelligence in Retail is Transforming Brand Ambassador Programs","1893","https://trocglobal.com/how-artificial-intelligence-in-retail-is-transforming-brand-ambassador-programs/","1","0","2"
"/how-brand-ambassadors-drive-retail-revenue-optimization/","200","How Brand Ambassadors Drive Retail Revenue Optimization - T-ROC","63","153","How Brand Ambassadors Drive Retail Revenue Optimization","1624","https://trocglobal.com/how-brand-ambassadors-drive-retail-revenue-optimization/","1","0","2"
"/how-brand-ambassadors-drive-retail-success-in-2024/","200","How Brand Ambassadors Drive Retail Success in 2024 - T-ROC","58","146","How Brand Ambassadors Drive Retail Success in 2024","1485","https://trocglobal.com/how-brand-ambassadors-drive-retail-success-in-2024/","1","0","2"
"/how-do-i-know-if-a-brand-ambassador-is-legit/","200","How Do I Know if a Brand Ambassador is Legit? - T-ROC","53","146","How Do I Know if a Brand Ambassador is Legit?","2176","https://trocglobal.com/how-do-i-know-if-a-brand-ambassador-is-legit/","1","0","2"
"/how-does-a-brand-ambassador-work-2/","200","How Does a Brand Ambassador Work? - T-ROC","41","156","How Does a Brand Ambassador Work?","2344","https://trocglobal.com/how-does-a-brand-ambassador-work-2/","1","0","3"
"/how-is-retail-using-data-online/","200","How Is Retail Using Data Online - T-ROC","39","146","How Is Retail Using Data Online","2054","https://trocglobal.com/how-is-retail-using-data-online/","1","0","3"
"/how-mystery-shoppers-can-improve-your-customer-experience/","200","Improve Your Customer Experience with Mystery Shoppers | T-ROC","62","115","How Mystery Shoppers Can Improve Your Customer Experience","1419","https://trocglobal.com/how-mystery-shoppers-can-improve-your-customer-experience/","1","0","2"
"/how-mystery-shopping-elevates-your-brand/","200","Discovering the Unseen: How Mystery Shopping Elevates Your Brand - T-ROC","72","142","Discovering the Unseen: How Mystery Shopping Elevates Your Brand","1189","https://trocglobal.com/how-mystery-shopping-elevates-your-brand/","1","0","2"
"/how-retail-stores-use-data-mining/","200","How Retail Stores Use Data Mining - T-ROC","41","140","How Retail Stores Use Data Mining","1777","https://trocglobal.com/how-retail-stores-use-data-mining/","1","0","3"
"/how-to-choose-a-brand-ambassador-agency/","200","How to Choose a Brand Ambassador Agency: 10 Evaluation Criteria | T-ROC","71","148","How to Choose a Brand Ambassador Agency: 10 Evaluation Criteria | T-ROC Global","1387","https://trocglobal.com/how-to-choose-a-brand-ambassador-agency/","1","0","1"
"/how-to-choose-a-mystery-shopping-company/","200","How to Choose a Mystery Shopping Company: 8 Evaluation Criteria | T-ROC","71","148","How to Choose a Mystery Shopping Company: 8 Evaluation Criteria | T-ROC Global","1065","https://trocglobal.com/how-to-choose-a-mystery-shopping-company/","1","0","1"
"/how-to-choose-a-retail-merchandising-company/","200","How to Choose a Retail Merchandising Company: 9 Criteria | T-ROC","64","153","How to Choose a Retail Merchandising Company: 9 Criteria | T-ROC Global","990","https://trocglobal.com/how-to-choose-a-retail-merchandising-company/","1","0","1"
"/how-to-choose-a-retail-services-company/","200","How to Choose a Retail Services Company: The Senior Management Framework | T-ROC","80","157","How to Choose a Retail Services Company: The Senior Management Framework | T-ROC Global","1101","https://trocglobal.com/how-to-choose-a-retail-services-company/","1","0","1"
"/how-to-hire-a-brand-ambassador/","200","How to Hire a Brand Ambassador: A Step-by-Step Guide - T-ROC","60","143","How to Hire a Brand Ambassador: A Step-by-Step Guide","2685","https://trocglobal.com/how-to-hire-a-brand-ambassador/","1","0","2"
"/how-to-make-self-checkout-a-winning-solution-for-your-company-and-customers/","200","How to Make Self-Checkout A Winning Solution for - T-ROC","56","148","How to Make Self-Checkout a Winning Solution: Complete Guide (2026) | T-ROC","2022","https://trocglobal.com/how-to-make-self-checkout-a-winning-solution-for-your-company-and-customers/","1","0","2"
"/how-to-prepare-for-black-friday-2024-a-step-by-step-guide/","200","How to Prepare for Black Friday 2024: A Step-by-Step Guide - T-ROC","66","157","How to Prepare for Black Friday 2024: A Step-by-Step Guide","1618","https://trocglobal.com/how-to-prepare-for-black-friday-2024-a-step-by-step-guide/","1","0","2"
"/how-to-train-brand-ambassadors/","200","How to Train Brand Ambassadors (5 Areas That Drive Sales) | T-ROC","65","149","How to Train Brand Ambassadors: Turning New Hires Into Sales-Driving Reps","1432","https://trocglobal.com/how-to-train-brand-ambassadors/","1","0","2"
"/immersive-retail-experiences/","200","Immersive Retail Experiences: Redefining the Modern Store","57","148","Beyond the Shelf: How Immersive Retail Experiences Are Redefining the Store","1069","https://trocglobal.com/immersive-retail-experiences/","1","0","2"
"/implementing-ai-retail-execution/","200","Implementing AI in Retail Execution","35","165","Implementing AI in Retail Execution: What Has to Be True First","2028","https://trocglobal.com/implementing-ai-retail-execution/","1","0","1"
"/in-store-brand-activation/","200","In-Store Brand Activation: Strategies That Drive Retail Sales (2026) - T-ROC","76","149","In-Store Brand Activation: Strategies That Drive Retail Sales (2026)","1650","https://trocglobal.com/in-store-brand-activation/","1","0","2"
"/in-store-demo-services/","200","In-Store Demo Services: Complete Guide + Pricing (2026) | T-ROC - T-ROC","71","153","In-Store Demo Services: Complete Guide + Pricing (2026) | T-ROC","2264","https://trocglobal.com/in-store-demo-services/","1","0","1"
"/in-store-demonstrations-guide-the-value-of-showcasing-your-products-with-demos-2/","200","In-Store Product Demonstrations: Value, Benefits &amp; Best Practices","69","118","In-Store Demonstrations Guide: The Value Of Showcasing Your Products with Demos","2161","https://trocglobal.com/in-store-demonstrations-guide-the-value-of-showcasing-your-products-with-demos-2/","1","0","2"
"/industries-we-serve/","200","Industries We Serve: 12 Categories T-ROC Global Operates Across | T-ROC","71","148","Industries We Serve: 12 Categories T-ROC Global Operates Across | T-ROC Global","960","https://trocglobal.com/industries-we-serve/","1","0","1"
"/influencer-marketing-through-brand-ambassadors/","200","Influencer Marketing Through Brand Ambassadors | T-ROC","54","126","The Power of Influencer Marketing through Brand Ambassadors","1585","https://trocglobal.com/influencer-marketing-through-brand-ambassadors/","1","0","2"
"/influencer-vs-brand-ambassador-marketing-whats-the-difference/","200","Brand Ambassador vs Influencer Marketing Explained | T-ROC","58","127","Influencer vs Brand Ambassador Marketing: What&#8217;s the Difference?","2279","https://trocglobal.com/influencer-vs-brand-ambassador-marketing-whats-the-difference/","1","0","2"
"/innovative-automated-retail-solutions-for-todays-market/","200","Innovative Automated Retail Solutions Today | T-ROC","51","140","Innovative Automated Retail Solutions for Today&#8217;s Market","2643","https://trocglobal.com/innovative-automated-retail-solutions-for-todays-market/","1","0","2"
"/instant-retail-data/","200","The Power of Instant Retail Data: Boosting Business Success - T-ROC","67","143","The Power of Instant Retail Data: Boosting Business Success","1617","https://trocglobal.com/instant-retail-data/","1","0","2"
"/instant-retail-intel/","200","How Instant Retail Intel Can Help You Make Better Decisions - T-ROC","67","150","How Instant Retail Intel Can Help You Make Better Decisions","1452","https://trocglobal.com/instant-retail-intel/","1","0","2"
"/interactive-retail-displays-customer-engagement/","200","Interactive Retail Displays Customer Engagement | T-ROC","55","140","How Interactive Retail Displays Doubled Customer Engagement: Real Data from 50 Stores","1500","https://trocglobal.com/interactive-retail-displays-customer-engagement/","1","0","2"
"/inventory-management-practices/","200","Streamlining Inventory: Best Inventory Management Practices - T-ROC","67","151","Streamlining Inventory: Best Inventory Management Practices","2688","https://trocglobal.com/inventory-management-practices/","1","0","2"
"/inventory-management-retail/","200","A Guide to Inventory Management Retail: Strategies, Challenges, and Trends - T-ROC","82","150","A Guide to Inventory Management Retail: Strategies, Challenges, and Trends","2745","https://trocglobal.com/inventory-management-retail/","1","0","2"
"/inventory-management-software/","200","Master Stock Control: The Benefits of Inventory Management Software - T-ROC","75","144","Master Stock Control: The Benefits of Inventory Management Software","2523","https://trocglobal.com/inventory-management-software/","1","0","2"
"/inventory-management-solutions/","200","Inventory Management Solutions | T-ROC","38","128","Manage Operations Efficiently with Inventory Management Solutions","2480","https://trocglobal.com/inventory-management-solutions/","1","0","2"
"/inventory-management-system/","200","Stay Ahead of the Game: Optimize Your Inventory Management System - T-ROC","73","132","Stay Ahead of the Game: Optimize Your Inventory Management System","3267","https://trocglobal.com/inventory-management-system/","1","0","2"
"/is-your-brand-being-ignored-5-retail-pain-points-a-brand-ambassador-service-can-fix/","200","5 Retail Pain Points a Brand Ambassador Fixes | T-ROC","53","131","Is Your Brand Being Ignored? 5 Retail Pain Points a Brand Ambassador Service Can Fix","1314","https://trocglobal.com/is-your-brand-being-ignored-5-retail-pain-points-a-brand-ambassador-service-can-fix/","1","0","1"
"/is-your-retail-business-bleeding-money-on-these-common-issues/","200","Is Your Retail Business Bleeding Money? Fix These Issues","56","153","Is Your Retail Business Bleeding Money on These Common Issues?","1334","https://trocglobal.com/is-your-retail-business-bleeding-money-on-these-common-issues/","1","0","2"
"/is-your-store-layout-killing-your-sales-the-ultimate-guide-to-a-high-impact-retail-reset/","200","The Ultimate Guide to a High-Impact Retail Reset | T-ROC","56","129","Is Your Store Layout Killing Your Sales? The Ultimate Guide to a High-Impact Retail Reset","1278","https://trocglobal.com/is-your-store-layout-killing-your-sales-the-ultimate-guide-to-a-high-impact-retail-reset/","1","0","1"
"/leadership-the-power-of-trust-respect/","200","Leadership: The Power of Trust &amp; Respect - T-ROC","52","149","Leadership: The Power of Trust &#038; Respect","1146","https://trocglobal.com/leadership-the-power-of-trust-respect/","1","0","2"
"/lifeattroc/","200","T-ROC | Welcome Guide","21","0","Welcome to T‑ROC!","434","","0","0","0"
"/llms-txt/","200","T-ROC AI Information File (llms.txt)","36","117","llms.txt","1182","https://trocglobal.com/llms-txt/","1","0","1"
"/luxury-pop-up-stores-shipping-containers/","200","The Future of High-End Retail &amp; Experiential Marketing | T-ROC","66","142","Luxury Pop-Up Stores: The Future of High-End Retail &#038; Experiential Marketing","2831","https://trocglobal.com/luxury-pop-up-stores-shipping-containers/","1","0","2"
"/luxury-retail-value-strategy-why-price-is-no-longer-the-main-driver/","200","Luxury Retail Value Strategy: Why Price Is No Longer the Main Driver - T-ROC","76","136","Luxury Retail Value Strategy: Why Price Is No Longer the Main Driver","1035","https://trocglobal.com/luxury-retail-value-strategy-why-price-is-no-longer-the-main-driver/","1","0","1"
"/master-holiday-retail-with-a-mystery-shopping/","200","Master Holiday Retail with a Mystery Shopping - T-ROC","53","150","Master Holiday Retail with a Mystery Shopping","1443","https://trocglobal.com/master-holiday-retail-with-a-mystery-shopping/","1","0","1"
"/mastering-alcohol-retail-execution-in-a-transforming-market/","200","Mastering Alcohol Retail Execution for Growth | T-ROC","53","150","Mastering Alcohol Retail Execution in a Transforming Market","1666","https://trocglobal.com/mastering-alcohol-retail-execution-in-a-transforming-market/","1","0","2"
"/mastering-the-last-mile-why-professional-retail-product-assembly-services-are-essential/","200","Why Retail Product Assembly Services Are Essential | T-ROC","58","127","Mastering the Last Mile: Why Professional Retail Product Assembly Services are Essential","1477","https://trocglobal.com/mastering-the-last-mile-why-professional-retail-product-assembly-services-are-essential/","1","0","2"
"/mattel-q1-2026-analysis-toy-market-growth/","200","Mattel Q1 2026 Analysis: How Digital Strategy and IP Growth are Shaping the Toy Industry - T-ROC","96","173","Mattel Q1 2026 Analysis: How Digital Strategy and IP Growth are Shaping the Toy Industry","902","https://trocglobal.com/mattel-q1-2026-analysis-toy-market-growth/","1","0","1"
"/maximized-productivity/","200","Maximizing Productivity: A Comprehensive Guide - T-ROC","54","136","Maximizing Productivity: A Comprehensive Guide","2476","https://trocglobal.com/maximized-productivity/","1","0","2"
"/measuring-retail-execution-roi/","200","Measuring Retail Execution ROI: The Framework Senior Teams Use - T-ROC","70","155","Measuring Retail Execution ROI: The Framework Senior Teams Use","1665","https://trocglobal.com/measuring-retail-execution-roi/","1","0","2"
"/measuring-the-roi-of-your-road-show/","200","Measuring the ROI of Your Road Show - T-ROC","43","156","Measuring the ROI of Your Road Show","1064","https://trocglobal.com/measuring-the-roi-of-your-road-show/","1","0","1"
"/mediawire/","200","Retail360: AI-Powered In-Store Intelligence Platform | T-ROC","60","155","MEDIAWIRE: T-ROC Global&#8217;s Retail360 Ushers in a New Era of In-Store Intelligence and Execution","2499","https://trocglobal.com/mediawire/","1","0","2"
"/meeting-consumer-demand-retail-innovation/","200","Meeting Consumer Demand Retail Innovation | T-ROC","49","128","Meeting Consumer Demand: Elevating the Retail Experience Through Innovation","1128","https://trocglobal.com/meeting-consumer-demand-retail-innovation/","1","0","2"
"/merchandising-analysis/","200","Merchandising Analysis: Unveiling the Secrets Behind Successful Retail Strategies - T-ROC","89","147","Merchandising Analysis: Unveiling the Secrets Behind Successful Retail Strategies","2174","https://trocglobal.com/merchandising-analysis/","1","0","3"
"/merchandising-e-commerce/","200","A Detailed Guide to E-Commerce Merchandising - T-ROC","52","142","A Detailed Guide to E-Commerce Merchandising","2659","https://trocglobal.com/merchandising-e-commerce/","1","0","3"
"/merchandising-fulfillment/","200","Unraveling the Complexity: A Guide to Merchandising Fulfillment - T-ROC","71","152","Unraveling the Complexity: A Guide to Merchandising Fulfillment","1882","https://trocglobal.com/merchandising-fulfillment/","1","0","2"
"/merchandising-inventory/","200","Understanding Merchandising Inventory: A Comprehensive Guide - T-ROC","68","149","Understanding Merchandising Inventory: A Comprehensive Guide","2607","https://trocglobal.com/merchandising-inventory/","1","0","2"
"/merchandising-jobs/","200","Retail Merchandising Jobs | T-ROC Global Careers | T-ROC","56","140","Retail Merchandising Jobs | T-ROC Global Careers","679","https://trocglobal.com/merchandising-jobs/","1","0","1"
"/merchandising-optimization/","200","Merchandising Optimization: A Practical Guide","45","146","Merchandising Optimization: How to Close the Gap Between the Plan and the Shelf","2231","https://trocglobal.com/merchandising-optimization/","1","0","3"
"/merchandising-planning/","200","The Ultimate Guide to Merchandising Planning - T-ROC","52","144","The Ultimate Guide to Merchandising Planning","2682","https://trocglobal.com/merchandising-planning/","1","0","2"
"/merchandising-services/","200","Retail Merchandising Services: Complete Guide + Pricing (2026) | T-ROC - T-ROC","78","142","Retail Merchandising Services: Complete Guide + Pricing (2026) | T-ROC","2585","https://trocglobal.com/merchandising-services/","1","0","3"
"/merchandising-software/","200","A Guide to Merchandising Software - T-ROC","41","155","A Guide to Merchandising Software","1590","https://trocglobal.com/merchandising-software/","1","0","2"
"/merchandising-system/","200","Why You Should Be Using Merchandising Systems - T-ROC","53","137","Why You Should Be Using Merchandising Systems","1637","https://trocglobal.com/merchandising-system/","1","0","2"
"/merchandising-tools/","200","Why Merchandising Tools Are Essential To Your Business - T-ROC","62","154","Why Merchandising Tools Are Essential To Your Business","1698","https://trocglobal.com/merchandising-tools/","1","0","2"
"/mystery-shopping-consumer-electronics/","200","Mystery Shopping in Consumer Electronics Retail | T-ROC","55","130","Mystery Shopping in Consumer Electronics: What Brands Miss","2322","https://trocglobal.com/mystery-shopping-consumer-electronics/","1","0","2"
"/mystery-shopping-cost/","200","How Much Does Mystery Shopping Cost? 2026 Pricing Guide | T-ROC","63","157","How Much Does Mystery Shopping Cost? 2026 Pricing Guide | T-ROC Global","946","https://trocglobal.com/mystery-shopping-cost/","1","0","1"
"/mystery-shopping-guide/","200","Mystery Shopping Services: The Complete Guide for Retail Brands (2026) - T-ROC","78","155","Mystery Shopping Services: The Complete Guide for Retail Brands (2026)","4167","https://trocglobal.com/mystery-shopping-guide/","1","0","1"
"/mystery-shopping-services-for-restaurants/","200","Mystery Shopping Services for Restaurants &amp; QSR | T-ROC","59","160","Mystery Shopping Services for Restaurants &#038; QSR | T-ROC Global","670","https://trocglobal.com/mystery-shopping-services-for-restaurants/","1","0","1"
"/mystery-shopping-services-for-wireless-retail/","200","Mystery Shopping Services for Wireless Retail | T-ROC","53","154","Mystery Shopping Services for Wireless Retail | T-ROC Global","506","https://trocglobal.com/mystery-shopping-services-for-wireless-retail/","1","0","1"
"/mystery-shopping-services/","200","Mystery Shopping Services: Complete Guide + Pricing (2026) | T-ROC - T-ROC","74","156","Mystery Shopping Services: Complete Guide + Pricing (2026) | T-ROC","2701","https://trocglobal.com/mystery-shopping-services/","1","0","2"
"/mystery-shopping-that-drives-results-what-retailers-get-wrong-and-how-to-get-it-right/","200","Mystery Shopping Results | T-ROC | Retail Program","49","137","Mystery Shopping That Drives Results: What Retailers Get Wrong—and How to Get It Right","1079","https://trocglobal.com/mystery-shopping-that-drives-results-what-retailers-get-wrong-and-how-to-get-it-right/","1","0","2"
"/mystery-shopping-vs-operational-audits/","200","Mystery Shopping vs. Operational Audits: Which Approach Fits Your Goal? | T-ROC","79","156","Mystery Shopping vs. Operational Audits: Which Approach Fits Your Goal? | T-ROC Global","886","https://trocglobal.com/mystery-shopping-vs-operational-audits/","1","0","1"
"/nama-2026-automated-retail-trends/","200","NAMA 2026: Navigating the New Era of Automated Retail - T-ROC","61","149","NAMA 2026: Navigating the New Era of Automated Retail","3335","https://trocglobal.com/nama-2026-automated-retail-trends/","1","0","2"
"/new-product-launch-retail-strategy/","200","New Product Launch Retail Strategy: Complete Playbook (2026) | T-ROC - T-ROC","76","153","New Product Launch Retail Strategy: Complete Playbook (2026) | T-ROC","1090","https://trocglobal.com/new-product-launch-retail-strategy/","1","0","1"
"/omnichannel-engagement-platform/","200","Seamlessly Connect with Customers on an Omnichannel Platform - T-ROC","68","148","Seamlessly Connect with Customers on an Omnichannel Platform","2246","https://trocglobal.com/omnichannel-engagement-platform/","1","0","3"
"/omnichannel-retail-age-of-ai/","200","Omnichannel in the Age of AI: Loyalty &amp; Experience Still Win | T-ROC","72","166","Omnichannel in the Age of AI: Why Retail Still Runs on Emotional Connection","1739","https://trocglobal.com/omnichannel-retail-age-of-ai/","1","0","2"
"/omnichannel-retail-guide/","200","Omnichannel Retail Strategy: The Complete Guide to Unified Commerce (2026) - T-ROC","82","149","Omnichannel Retail Strategy: The Complete Guide to Unified Commerce (2026)","4187","https://trocglobal.com/omnichannel-retail-guide/","1","0","1"
"/on-demand-retail-staffing-cost/","200","How Much Does On-Demand Retail Staffing Cost? 2026 Pricing Guide | T-ROC","72","149","How Much Does On-Demand Retail Staffing Cost? 2026 Pricing Guide | T-ROC Global","749","https://trocglobal.com/on-demand-retail-staffing-cost/","1","0","1"
"/outsourced-retail-services-vs-in-house/","200","Outsourced Retail Services vs. In-House: Decision Framework | T-ROC","67","156","Outsourced Retail Services vs. In-House: Decision Framework | T-ROC Global","1129","https://trocglobal.com/outsourced-retail-services-vs-in-house/","1","0","1"
"/outsourced-sales-the-complete-guide/","200","Outsourced Sales: The Complete Guide - T-ROC","44","155","Outsourced Sales: The Complete Guide","3325","https://trocglobal.com/outsourced-sales-the-complete-guide/","1","0","2"
"/pet-care-is-a-147-billion-gold-rush-heres-your-map/","200","Pet Care is a Gold Rush | T-ROC | Retail Strategy","49","139","Pet Care is a $147 Billion Gold Rush. Here&#8217;s Your Map.","1139","https://trocglobal.com/pet-care-is-a-147-billion-gold-rush-heres-your-map/","1","0","1"
"/pharmaceutical-otc-retail-services-in-pennsylvania/","200","Pharmaceutical &amp; OTC Retail Services in Pennsylvania | T-ROC","64","152","Pharmaceutical &amp; OTC Retail Services in Pennsylvania | T-ROC Global","477","https://trocglobal.com/pharmaceutical-otc-retail-services-in-pennsylvania/","1","0","1"
"/pop-up-store-services/","200","Pop-Up Store Services: Complete Guide for Brand Activations (2026) | T-ROC - T-ROC","82","147","Pop-Up Store Services: Complete Guide for Brand Activations (2026) | T-ROC","1108","https://trocglobal.com/pop-up-store-services/","1","0","1"
"/pop-up-stores-market-expansion/","200","Pop-Up Stores: The Best Way to Test New Products | T-ROC","56","136","Pop-Up Stores: The Smartest Way to Test Products and Expand Into New Markets","1293","https://trocglobal.com/pop-up-stores-market-expansion/","1","0","2"
"/premium-toys-us-toy-market-growth/","200","Premium Toys Drive U.S. Toy Market Growth - T-ROC","49","142","Premium Toys Drive U.S. Toy Market Growth","1014","https://trocglobal.com/premium-toys-us-toy-market-growth/","1","0","2"
"/press-release/title-charity-name-2/","200","MSPA Americas Announces New Tagline - T-ROC","43","0","MSPA Americas Announces New Tagline","137","https://trocglobal.com/press-release/title-charity-name-2/","1","0","1"
"/product-assembly-services-for-big-box-retailers/","200","Product Assembly Services for Big-Box Retailers | T-ROC","55","156","Product Assembly Services for Big-Box Retailers | T-ROC Global","654","https://trocglobal.com/product-assembly-services-for-big-box-retailers/","1","0","1"
"/product-demonstrator-vs-brand-ambassador-whats-the-difference/","200","Product Demonstrator vs Brand Ambassador: What’s the Difference? - T-ROC","72","117","Product Demonstrator vs Brand Ambassador: What’s the Difference?","1738","https://trocglobal.com/product-demonstrator-vs-brand-ambassador-whats-the-difference/","1","0","3"
"/product-launch-experiential-retail-guide/","200","Product Launch &amp; Experiential Retail: The Complete Guide to In-Store Activation (2026) - T-ROC","98","159","Product Launch &amp; Experiential Retail: The Complete Guide to In-Store Activation (2026)","4248","https://trocglobal.com/product-launch-experiential-retail-guide/","1","0","1"
"/product-merchandising-secrets/","200","The 5 Secrets to Merchandising That Moves Product | T-ROC","57","109","Win at the Shelf: 5 Product Merchandising Secrets to Turn Browsers into Buyers","2218","https://trocglobal.com/product-merchandising-secrets/","1","0","1"
"/professional-assembly-scalability-speed-quality/","200","The Power of Professional Assembly: T-ROC’s Scalability, Speed &amp; Quality - T-ROC","84","142","The Power of Professional Assembly: T-ROC’s Scalability, Speed &#038; Quality","1582","https://trocglobal.com/professional-assembly-scalability-speed-quality/","1","0","2"
"/pros-and-cons-of-building-tech-internally-vs-outsourcing-it/","200","Build Tech vs. Outsourcing: Pros &amp; Cons for Retailers","57","154","Pros And Cons Of Building Tech Internally Vs. Outsourcing It","1399","https://trocglobal.com/pros-and-cons-of-building-tech-internally-vs-outsourcing-it/","1","0","2"
"/resale-trends-retail-market-share/","200","The Value Shift: How Resale Trends Reshape Retail Market Share - T-ROC","70","165","The Value Shift: How Resale Trends Reshape Retail Market Share","1760","https://trocglobal.com/resale-trends-retail-market-share/","1","0","2"
"/resources-2/","200","Retail Services Resources: Pricing, Evaluation Frameworks, Industry Guides | T-ROC","82","149","Retail Services Resources: Pricing, Evaluation Frameworks, Industry Guides | T-ROC Global","811","https://trocglobal.com/resources-2/","1","0","1"
"/resources/","200","Retail Sales Resources | Blogs, Videos &amp; Podcasts","53","124","Resources to Inform And Inspire","2611","https://trocglobal.com/resources/","1","0","1"
"/resources/automated-retail-guide/","200","The Complete Guide to Automated Retail &amp; Retail Execution Technology - T-ROC","80","157","The Complete Guide to Automated Retail &amp; Retail Execution Technology","2110","https://trocglobal.com/resources/automated-retail-guide/","1","0","2"
"/resources/brand-ambassador-services-guide/","200","Brand Ambassador Services: The Complete Guide - T-ROC","53","154","Brand Ambassador Services: The Complete Guide","4085","https://trocglobal.com/resources/brand-ambassador-services-guide/","1","0","3"
"/resources/clienteling-retail-analytics-guide/","200","The Complete Guide to Clienteling &amp; Retail Analytics - T-ROC","64","161","The Complete Guide to Clienteling &amp; Retail Analytics","2185","https://trocglobal.com/resources/clienteling-retail-analytics-guide/","1","0","2"
"/resources/definitions/what-is-a-brand-ambassador-program/","200","What is a Brand Ambassador Program? - T-ROC","43","150","What is a Brand Ambassador Program? (Complete Guide for Retail Brands)","1543","https://trocglobal.com/resources/definitions/what-is-a-brand-ambassador-program/","1","0","2"
"/resources/definitions/what-is-a-brand-ambassador/","200","What is a Brand Ambassador? Definition, Roles &amp; How They Drive Sales - T-ROC","80","157","What Is a Brand Ambassador? Definition, Role &amp; Retail Strategy","1827","https://trocglobal.com/resources/definitions/what-is-a-brand-ambassador/","1","0","2"
"/resources/definitions/what-is-a-field-sales-team/","200","What is a Field Sales Team? Definition, Models &amp; How It Works - T-ROC","73","150","What is a Field Sales Team? (Definition, Models &amp; How It Works)","2162","https://trocglobal.com/resources/definitions/what-is-a-field-sales-team/","1","0","2"
"/resources/definitions/what-is-a-mystery-shopper/","200","What is a Mystery Shopper? Definition, Role &amp; How It Works - T-ROC","70","159","What is a Mystery Shopper?","1466","https://trocglobal.com/resources/definitions/what-is-a-mystery-shopper/","1","0","1"
"/resources/definitions/what-is-a-mystery-shopping-company/","200","What is a Mystery Shopping Company? Definition &amp; How They Work - T-ROC","74","151","What is a Mystery Shopping Company?","2023","https://trocglobal.com/resources/definitions/what-is-a-mystery-shopping-company/","1","0","1"
"/resources/definitions/what-is-a-planogram/","200","What is a Planogram? Definition, Types &amp; Retail Best Practices - T-ROC","74","151","What Is a Planogram? Definition, Types &amp; Retail Compliance Guide","1694","https://trocglobal.com/resources/definitions/what-is-a-planogram/","1","0","2"
"/resources/definitions/what-is-a-product-specialist/","200","What is a Product Specialist? Definition, Skills &amp; Retail Role - T-ROC","74","151","What is a Product Specialist?","1641","https://trocglobal.com/resources/definitions/what-is-a-product-specialist/","1","0","1"
"/resources/definitions/what-is-a-retail-audit/","200","What is a Retail Audit? Definition, Types &amp; Process - T-ROC","63","157","What Is a Retail Audit? Definition, Types &amp; Compliance","1576","https://trocglobal.com/resources/definitions/what-is-a-retail-audit/","1","0","2"
"/resources/definitions/what-is-a-retail-field-team/","200","What Is a Retail Field Team? Definition, Roles &amp; Management - T-ROC","71","160","What Is a Retail Field Team?","1710","https://trocglobal.com/resources/definitions/what-is-a-retail-field-team/","1","0","1"
"/resources/definitions/what-is-a-retail-merchandiser/","200","What is a Retail Merchandiser? Role, Responsibilities &amp; Skills - T-ROC","74","151","What is a Retail Merchandiser?","1529","https://trocglobal.com/resources/definitions/what-is-a-retail-merchandiser/","1","0","1"
"/resources/definitions/what-is-a-sales-representative/","200","What is a Sales Representative? Roles, Types &amp; Skills - T-ROC","65","154","What is a Sales Representative?","1956","https://trocglobal.com/resources/definitions/what-is-a-sales-representative/","1","0","1"
"/resources/definitions/what-is-assisted-selling/","200","What is Assisted Selling? Definition, Techniques &amp; ROI - T-ROC","66","155","What is Assisted Selling?","1092","https://trocglobal.com/resources/definitions/what-is-assisted-selling/","1","0","1"
"/resources/definitions/what-is-category-management/","200","What is Category Management in Retail? - T-ROC","46","153","What is Category Management in Retail?","1940","https://trocglobal.com/resources/definitions/what-is-category-management/","1","0","1"
"/resources/definitions/what-is-channel-management/","200","What is Channel Management? Definition &amp; Strategy - T-ROC","61","158","What is Channel Management?","1869","https://trocglobal.com/resources/definitions/what-is-channel-management/","1","0","1"
"/resources/definitions/what-is-click-and-collect/","200","What is Click and Collect? Definition, Benefits &amp; Best Practices - T-ROC","76","153","What is Click and Collect?","1980","https://trocglobal.com/resources/definitions/what-is-click-and-collect/","1","0","1"
"/resources/definitions/what-is-consumer-behavior/","200","What is Consumer Behavior in Retail? Definition &amp; Insights - T-ROC","70","147","What is Consumer Behavior in Retail?","2055","https://trocglobal.com/resources/definitions/what-is-consumer-behavior/","1","0","1"
"/resources/definitions/what-is-consumer-packaged-goods/","200","What is Consumer Packaged Goods (CPG)? - T-ROC","46","153","What is Consumer Packaged Goods (CPG)?","2042","https://trocglobal.com/resources/definitions/what-is-consumer-packaged-goods/","1","0","1"
"/resources/definitions/what-is-customer-experience-in-retail/","200","What is Customer Experience in Retail? Definition, Drivers &amp; How to Improve It - T-ROC","90","157","What is Customer Experience in Retail? (Definition, Drivers &amp; How to Improve It)","1266","https://trocglobal.com/resources/definitions/what-is-customer-experience-in-retail/","1","0","2"
"/resources/definitions/what-is-customer-lifetime-value/","200","What is Customer Lifetime Value? - T-ROC","40","147","What is Customer Lifetime Value?","1970","https://trocglobal.com/resources/definitions/what-is-customer-lifetime-value/","1","0","1"
"/resources/definitions/what-is-demand-generation/","200","What is Demand Generation in Retail? Definition &amp; Strategies - T-ROC","72","149","What is Demand Generation in Retail?","2171","https://trocglobal.com/resources/definitions/what-is-demand-generation/","1","0","1"
"/resources/definitions/what-is-experiential-retail/","200","What is Experiential Retail? Definition, Examples &amp; Strategy - T-ROC","72","149","What Is Experiential Retail? Definition, Examples &amp; Strategy","1673","https://trocglobal.com/resources/definitions/what-is-experiential-retail/","1","0","2"
"/resources/definitions/what-is-field-merchandising/","200","What is Field Merchandising? Definition, Role &amp; Best Practices - T-ROC","74","151","What is Field Merchandising?","1168","https://trocglobal.com/resources/definitions/what-is-field-merchandising/","1","0","1"
"/resources/definitions/what-is-field-sales-outsourcing/","200","What Is Field Sales Outsourcing? - T-ROC","40","147","What Is Field Sales Outsourcing? Definition, Benefits &amp; ROI","1752","https://trocglobal.com/resources/definitions/what-is-field-sales-outsourcing/","1","0","2"
"/resources/definitions/what-is-in-store-marketing/","200","What is In-Store Marketing? Definition, Types &amp; Strategies - T-ROC","70","159","What is In-Store Marketing?","1300","https://trocglobal.com/resources/definitions/what-is-in-store-marketing/","1","0","1"
"/resources/definitions/what-is-mystery-shopping/","200","What is Mystery Shopping? How It Works &amp; Why Retail Brands Use It - T-ROC","77","154","What Is Mystery Shopping? Definition, Process &amp; Retail Benefits","1457","https://trocglobal.com/resources/definitions/what-is-mystery-shopping/","1","0","2"
"/resources/definitions/what-is-omnichannel-retail/","200","What is Omnichannel Retail? Definition, Strategy &amp; Examples (2026) - T-ROC","78","155","What Is Omnichannel Retail? Definition, Strategy &amp; Examples","1575","https://trocglobal.com/resources/definitions/what-is-omnichannel-retail/","1","0","2"
"/resources/definitions/what-is-point-of-sale/","200","What is Point of Sale (POS) in Retail? - T-ROC","46","153","What is Point of Sale (POS) in Retail?","1997","https://trocglobal.com/resources/definitions/what-is-point-of-sale/","1","0","1"
"/resources/definitions/what-is-private-label/","200","What is Private Label? Definition, Benefits &amp; Retail Strategy - T-ROC","73","150","What is Private Label ?","2004","https://trocglobal.com/resources/definitions/what-is-private-label/","1","0","1"
"/resources/definitions/what-is-retail-analytics/","200","What is Retail Analytics? Definition, Types &amp; Key Metrics - T-ROC","69","146","What Is Retail Analytics? Definition, Types &amp; Use Cases","1552","https://trocglobal.com/resources/definitions/what-is-retail-analytics/","1","0","2"
"/resources/definitions/what-is-retail-compliance/","200","What is Retail Compliance? Definition, Types &amp; Best Practices - T-ROC","73","150","What is Retail Compliance?","1040","https://trocglobal.com/resources/definitions/what-is-retail-compliance/","1","0","1"
"/resources/definitions/what-is-retail-conversion-rate/","200","What is Retail Conversion Rate? Definition, Formula &amp; Benchmarks - T-ROC","76","153","What is Retail Conversion Rate?","1696","https://trocglobal.com/resources/definitions/what-is-retail-conversion-rate/","1","0","1"
"/resources/definitions/what-is-retail-customer-experience/","200","What is Retail Customer Experience? - T-ROC","43","150","What is Retail Customer Experience?","2070","https://trocglobal.com/resources/definitions/what-is-retail-customer-experience/","1","0","1"
"/resources/definitions/what-is-retail-execution/","200","What is Retail Execution? Definition, Strategy &amp; Best Practices - T-ROC","75","152","What Is Retail Execution? Definition, Process &amp; Best Practices","1206","https://trocglobal.com/resources/definitions/what-is-retail-execution/","1","0","2"
"/resources/definitions/what-is-retail-field-services/","200","What is Retail Field Services? - T-ROC","38","145","What is Retail Field Services?","1544","https://trocglobal.com/resources/definitions/what-is-retail-field-services/","1","0","1"
"/resources/definitions/what-is-retail-inventory-management/","200","What is Retail Inventory Management? - T-ROC","44","151","What is Retail Inventory Management?","2290","https://trocglobal.com/resources/definitions/what-is-retail-inventory-management/","1","0","1"
"/resources/definitions/what-is-retail-loss-prevention/","200","What is Retail Loss Prevention? - T-ROC","39","146","What is Retail Loss Prevention?","1672","https://trocglobal.com/resources/definitions/what-is-retail-loss-prevention/","1","0","1"
"/resources/definitions/what-is-retail-merchandising/","200","What is Retail Merchandising? Definition, Types &amp; How It Works - T-ROC","74","151","What Is Retail Merchandising?","1526","https://trocglobal.com/resources/definitions/what-is-retail-merchandising/","1","0","1"
"/resources/definitions/what-is-retail-operations/","200","What is Retail Operations? Definition, Components &amp; Best Practices - T-ROC","78","155","What is Retail Operations?","2032","https://trocglobal.com/resources/definitions/what-is-retail-operations/","1","0","1"
"/resources/definitions/what-is-retail-outsourcing/","200","What is Retail Outsourcing? Definition, Benefits &amp; How It Works - T-ROC","75","152","What Is Retail Outsourcing? Definition, Benefits &amp; When to Use It","1671","https://trocglobal.com/resources/definitions/what-is-retail-outsourcing/","1","0","2"
"/resources/definitions/what-is-retail-price-optimization/","200","What is Retail Price Optimization? - T-ROC","42","149","What is Retail Price Optimization?","1873","https://trocglobal.com/resources/definitions/what-is-retail-price-optimization/","1","0","1"
"/resources/definitions/what-is-retail-sales-training/","200","What is Retail Sales Training? - T-ROC","38","145","What is Retail Sales Training?","2047","https://trocglobal.com/resources/definitions/what-is-retail-sales-training/","1","0","1"
"/resources/definitions/what-is-retail-shrinkage/","200","What is Retail Shrinkage? Definition, Causes &amp; Prevention - T-ROC","69","158","What is Retail Shrinkage?","2010","https://trocglobal.com/resources/definitions/what-is-retail-shrinkage/","1","0","1"
"/resources/definitions/what-is-retail-staffing/","200","What is Retail Staffing? Models, Benefits &amp; How to Choose a Partner - T-ROC","79","156","What is Retail Staffing? (Models, Benefits &amp; How to Choose a Partner)","1440","https://trocglobal.com/resources/definitions/what-is-retail-staffing/","1","0","2"
"/resources/definitions/what-is-retail-supply-chain/","200","What is Retail Supply Chain? - T-ROC","36","143","What is Retail Supply Chain?","2028","https://trocglobal.com/resources/definitions/what-is-retail-supply-chain/","1","0","1"
"/resources/definitions/what-is-retail-technology/","200","What is Retail Technology? Definition, Examples &amp; Solutions - T-ROC","71","148","What Is Retail Technology? Definition, Types &amp; Trends","1637","https://trocglobal.com/resources/definitions/what-is-retail-technology/","1","0","2"
"/resources/definitions/what-is-retail-workforce-management/","200","What is Retail Workforce Management? Definition &amp; Best Practices - T-ROC","76","153","What is Retail Workforce Management?","2152","https://trocglobal.com/resources/definitions/what-is-retail-workforce-management/","1","0","1"
"/resources/definitions/what-is-sell-through-rate/","200","What Is Sell-Through Rate? - T-ROC","34","141","What Is Sell-Through Rate? Definition, Formula &amp; Benchmarks","1309","https://trocglobal.com/resources/definitions/what-is-sell-through-rate/","1","0","2"
"/resources/definitions/what-is-shopper-marketing/","200","What is Shopper Marketing? Definition, Examples &amp; Strategy - T-ROC","70","147","What is Shopper Marketing? (Definition, Examples &amp; Strategy)","2438","https://trocglobal.com/resources/definitions/what-is-shopper-marketing/","1","0","2"
"/resources/definitions/what-is-store-within-a-store/","200","What is Store Within a Store? - T-ROC","37","144","What is Store Within a Store?","1924","https://trocglobal.com/resources/definitions/what-is-store-within-a-store/","1","0","1"
"/resources/definitions/what-is-trade-marketing/","200","What is Trade Marketing in Retail? - T-ROC","42","149","What is Trade Marketing in Retail?","1762","https://trocglobal.com/resources/definitions/what-is-trade-marketing/","1","0","1"
"/resources/definitions/what-is-vendor-managed-inventory/","200","What is Vendor Managed Inventory (VMI)? - T-ROC","47","154","What is Vendor Managed Inventory?","2052","https://trocglobal.com/resources/definitions/what-is-vendor-managed-inventory/","1","0","1"
"/resources/definitions/what-is-visual-merchandising/","200","What is Visual Merchandising? Definition, Examples &amp; Best Practices - T-ROC","79","156","What is Visual Merchandising? (Definition, Examples &amp; Best Practices)","2018","https://trocglobal.com/resources/definitions/what-is-visual-merchandising/","1","0","2"
"/resources/experiential-retail-guide/","200","Experiential Retail &amp; Pop-Up Events: The Complete Strategy Guide - T-ROC","76","153","Experiential Retail &amp; Pop-Up Events: The Complete Strategy Guide","3512","https://trocglobal.com/resources/experiential-retail-guide/","1","0","4"
"/resources/holiday-retail-strategy-guide/","200","Holiday Retail Strategy: The Complete Guide to Q4 Planning, Black Friday &amp; Peak Season Execution - T-ROC","108","154","Holiday Retail Strategy: The Complete Guide to Q4 Planning, Black Friday &amp; Peak Season Execution","2924","https://trocglobal.com/resources/holiday-retail-strategy-guide/","1","0","3"
"/resources/mystery-shopping-guide/","200","Mystery Shopping Services: The Complete Guide to Measuring &amp; Improving Retail Performance - T-ROC","101","157","Mystery Shopping Services: The Complete Guide to Measuring &amp; Improving Retail Performance","2770","https://trocglobal.com/resources/mystery-shopping-guide/","1","0","3"
"/resources/retail-assembly-services-guide/","200","Retail Assembly &amp; Installation Services: The Complete Guide - T-ROC","71","160","Retail Assembly &amp; Installation Services: The Complete Guide","2184","https://trocglobal.com/resources/retail-assembly-services-guide/","1","0","2"
"/resources/retail-customer-experience-guide/","200","Retail Customer Experience: The Complete Guide to Engagement, Loyalty &amp; In-Store Excellence - T-ROC","103","159","Retail Customer Experience: The Complete Guide to Engagement, Loyalty &amp; In-Store Excellence","4000","https://trocglobal.com/resources/retail-customer-experience-guide/","1","0","3"
"/resources/retail-insights-strategy/","200","Retail Insights &amp; Strategy - T-ROC","38","145","Retail Insights &amp; Strategy","1934","https://trocglobal.com/resources/retail-insights-strategy/","1","0","1"
"/resources/retail-merchandising-guide/","200","Retail Merchandising: The Complete Guide - T-ROC","48","155","Retail Merchandising Services: The Complete Guide","4406","https://trocglobal.com/resources/retail-merchandising-guide/","1","0","3"
"/resources/retail-operations-guide/","200","Retail Operations: The Complete Guide to Efficiency and Growth - T-ROC","70","147","Retail Operations: The Complete Guide to Efficiency and Growth","3541","https://trocglobal.com/resources/retail-operations-guide/","1","0","3"
"/resources/retail-technology-guide/","200","Retail Technology: AI, Automation &amp; the Future of In-Store Execution - T-ROC","80","157","Retail Technology: AI, Automation &amp; the Future of In-Store Execution","3878","https://trocglobal.com/resources/retail-technology-guide/","1","0","3"
"/resources/retail-trends-2026/","200","Retail Trends 2026: AI, Automation, Experience &amp; the Forces Reshaping Commerce - T-ROC","90","157","Retail Trends 2026: AI, Automation, Experience &amp; the Forces Reshaping Commerce","2965","https://trocglobal.com/resources/retail-trends-2026/","1","0","3"
"/resources/state-of-retail-execution-2026/","200","State of Retail Execution 2026: T-ROC&#039;s Annual Industry Report - T-ROC","75","152","State of Retail Execution 2026","2720","https://trocglobal.com/resources/state-of-retail-execution-2026/","1","0","1"
"/resources/t-roc-news-press/","200","T-ROC News, Press Releases &amp; Company Updates - T-ROC","56","157","T-ROC News, Press Releases &amp; Company Updates","2192","https://trocglobal.com/resources/t-roc-news-press/","1","0","1"
"/restaurant-services-in-illinois/","200","Restaurant Services in Illinois | T-ROC","39","146","Restaurant Services in Illinois | T-ROC Global","455","https://trocglobal.com/restaurant-services-in-illinois/","1","0","1"
"/retail-assembly-services-save-time-money/","200","Save Time and Money with Retail Assembly | T-ROC","48","141","Retail Assembly Services: Save Time and Money with Professional Execution","1184","https://trocglobal.com/retail-assembly-services-save-time-money/","1","0","2"
"/retail-audit-services/","200","Retail Audit Services: Complete Guide + Pricing (2026) | T-ROC - T-ROC","70","158","Retail Audit Services: Complete Guide + Pricing (2026) | T-ROC","1271","https://trocglobal.com/retail-audit-services/","1","0","1"
"/retail-automation-distribution-centers-walmart/","200","Walmart&#039;s $330M Retail Automation: What It Signals","55","149","Retail Automation in Distribution Centers: What Walmart’s $330M Investment Signals for the Future","1153","https://trocglobal.com/retail-automation-distribution-centers-walmart/","1","0","2"
"/retail-compliance-audit/","200","Retail Compliance Audit: How to Run One (Complete Guide 2026) | T-ROC - T-ROC","77","154","Retail Compliance Audit: How to Run One (Complete Guide 2026) | T-ROC","2200","https://trocglobal.com/retail-compliance-audit/","1","0","1"
"/retail-consumer-spending-pullback-inflation/","200","Navigating the 2026 Retail Consumer Spending Pullback: Data-Driven Strategies for Brands - T-ROC","96","162","Navigating the 2026 Retail Consumer Spending Pullback: Data-Driven Strategies for Brands","1345","https://trocglobal.com/retail-consumer-spending-pullback-inflation/","1","0","2"
"/retail-employee-training-programs/","200","Retail Employee Training Programs: Complete Guide (2026) | T-ROC - T-ROC","72","154","Retail Employee Training Programs: Complete Guide (2026) | T-ROC","1222","https://trocglobal.com/retail-employee-training-programs/","1","0","1"
"/retail-execution-gap-causes-and-solutions/","200","The Retail Execution Gap: Causes, Cost, and Solutions - T-ROC","61","157","The Retail Execution Gap: Causes, Cost, and Solutions","1700","https://trocglobal.com/retail-execution-gap-causes-and-solutions/","1","0","2"
"/retail-execution-monitoring/","200","Boost Sales with Efficient Retail Execution Monitoring - T-ROC","62","143","Boost Sales with Efficient Retail Execution Monitoring","1669","https://trocglobal.com/retail-execution-monitoring/","1","0","2"
"/retail-execution-software/","200","Guide to Streamlining Operations with Retail Execution Software - T-ROC","71","152","Guide to Streamlining Operations with Retail Execution Software","2301","https://trocglobal.com/retail-execution-software/","1","0","3"
"/retail-execution-solutions/","200","Achieve Retail Success with Expert Execution Solutions - T-ROC","62","154","Achieve Retail Success with Expert Execution Solutions","1351","https://trocglobal.com/retail-execution-solutions/","1","0","2"
"/retail-execution-tools/","200","How Can Retail Success Be Achieved with Execution Tools? - T-ROC","64","151","How Can Retail Success Be Achieved with Execution Tools?","2522","https://trocglobal.com/retail-execution-tools/","1","0","3"
"/retail-execution-vs-retail-operations/","200","Retail Execution vs. Retail Operations: What&#039;s the Difference? - T-ROC","75","160","Retail Execution vs. Retail Operations: What&#8217;s the Difference?","1619","https://trocglobal.com/retail-execution-vs-retail-operations/","1","0","2"
"/retail-execution/","200","Retail Execution: The Operational Discipline That Determines Retail Performance | T-ROC","87","154","Retail Execution: The Operational Discipline That Determines Retail Performance | T-ROC Global","1135","https://trocglobal.com/retail-execution/","1","0","1"
"/retail-field-rep-technology/","200","Retail Field Rep Technology: Streamlining Operations and Boosting Sale - T-ROC","78","144","Retail Field Rep Technology: Streamlining Operations and Boosting Sale","1479","https://trocglobal.com/retail-field-rep-technology/","1","0","2"
"/retail-field-teams-guide/","200","Retail Field Teams: The Complete Guide to In-Store Sales Execution (2026) - T-ROC","81","148","Retail Field Teams: The Complete Guide to In-Store Sales Execution (2026)","4074","https://trocglobal.com/retail-field-teams-guide/","1","0","1"
"/retail-glossary/","200","Retail Glossary: 70+ Retail Services, Merchandising &amp; Technology Terms - T-ROC","82","159","Retail Glossary: 70+ Retail Services, Merchandising &#038; Technology Terms","2509","https://trocglobal.com/retail-glossary/","1","0","1"
"/retail-isnt-a-game-its-a-battlefield-heres-how-you-win/","200","Retail Isn&#039;t A Game, It&#039;s a Battlefield | T-ROC | Blog","64","138","Retail Isn&#8217;t a Game; It&#8217;s a Battlefield. How Brands Win in 2026 | T-ROC","1116","https://trocglobal.com/retail-isnt-a-game-its-a-battlefield-heres-how-you-win/","1","0","1"
"/retail-kpis/","200","Retail KPIs a Store Visit Can Move","34","160","Retail KPIs: The Ones a Store Visit Can Actually Move","1683","https://trocglobal.com/retail-kpis/","1","0","1"
"/retail-loss-prevention/","200","Retail Loss Prevention: The Shrink Cameras Miss","47","160","Retail Loss Prevention: The Half of Shrink Your Cameras Never See","2058","https://trocglobal.com/retail-loss-prevention/","1","0","1"
"/retail-marketing-services/","200","Retail Marketing Services: What They Cover","42","159","Retail Marketing Services: What They Cover and How to Buy Them","1896","https://trocglobal.com/retail-marketing-services/","1","0","1"
"/retail-marketplaces-strategy-enterprise-growth/","200","Retail Marketplaces Strategy: Best Buy, Target &amp; Nordstrom","62","140","Retail Marketplaces Strategy: What Best Buy, Target, and Nordstrom Get Right","1056","https://trocglobal.com/retail-marketplaces-strategy-enterprise-growth/","1","0","2"
"/retail-matchmaking-dtc-brands-big-box-retail/","200","Retail Matchmaking: Helping DTC Brands Win at Retail - T-ROC","60","136","Retail Matchmaking: Helping DTC Brands Win at Retail","1762","https://trocglobal.com/retail-matchmaking-dtc-brands-big-box-retail/","1","0","2"
"/retail-merchandise-planning/","200","A Beginner&#039;s Guide to Merchandise Planning - T-ROC","55","157","A Beginner&#8217;s Guide to Merchandise Planning","2071","https://trocglobal.com/retail-merchandise-planning/","1","0","2"
"/retail-merchandising-consulting/","200","Retail Merchandising Consulting - T-ROC","39","147","Retail Merchandising Consulting","2522","https://trocglobal.com/retail-merchandising-consulting/","1","0","2"
"/retail-merchandising-guide/","200","Retail Merchandising Services: The Complete Guide to In-Store Execution (2026) - T-ROC","86","153","Retail Merchandising Services: The Complete Guide to In-Store Execution (2026)","3952","https://trocglobal.com/retail-merchandising-guide/","1","0","1"
"/retail-merchandising-secrets/","200","Retail Merchandising Secrets | T-ROC | Blog","43","110","Retail Merchandising Secrets: What Top Stores Don&#8217;t Want You to Know","2818","https://trocglobal.com/retail-merchandising-secrets/","1","0","3"
"/retail-merchandising-services-cost/","200","How Much Do Retail Merchandising Services Cost? 2026 Pricing Guide | T-ROC","74","151","How Much Do Retail Merchandising Services Cost? 2026 Pricing Guide | T-ROC Global","937","https://trocglobal.com/retail-merchandising-services-cost/","1","0","1"
"/retail-merchandising-services-for-beauty/","200","Retail Merchandising Services for Beauty Brands | T-ROC","55","156","Retail Merchandising Services for Beauty Brands | T-ROC Global","484","https://trocglobal.com/retail-merchandising-services-for-beauty/","1","0","1"
"/retail-merchandising-services-for-cpg/","200","Retail Merchandising Services for CPG Brands | T-ROC","52","153","Retail Merchandising Services for CPG Brands | T-ROC Global","623","https://trocglobal.com/retail-merchandising-services-for-cpg/","1","0","1"
"/retail-merchandising-services-for-pharmacy/","200","Retail Merchandising Services for Pharmacy &amp; OTC Brands | T-ROC","67","161","Retail Merchandising Services for Pharmacy &#038; OTC Brands | T-ROC Global","508","https://trocglobal.com/retail-merchandising-services-for-pharmacy/","1","0","1"
"/retail-merchandising-strategy/","200","Retail Merchandising Strategy: Sales Acceleration Tool | T-ROC","62","139","Retail Merchandising Strategy: A How-To Guide to Drive Real In-Store Sales","1067","https://trocglobal.com/retail-merchandising-strategy/","1","0","1"
"/retail-merchandising-trends/","200","Retail Merchandising Trends | T-ROC | In-Store Shopping","55","139","Retail Merchandising Trends: The Future of In-Store Shopping","2665","https://trocglobal.com/retail-merchandising-trends/","1","0","3"
"/retail-merchandising-vs-broker-merchandising/","200","Retail Merchandising Services vs. Broker Merchandising: Which Model Fits? | T-ROC","81","148","Retail Merchandising Services vs. Broker Merchandising: Which Model Fits? | T-ROC Global","1084","https://trocglobal.com/retail-merchandising-vs-broker-merchandising/","1","0","1"
"/retail-merchandising/","200","The Importance of Retail Merchandising: Maximizing Sales and Delighting Customers - T-ROC","89","143","The Importance of Retail Merchandising: Maximizing Sales and Delighting Customers","2957","https://trocglobal.com/retail-merchandising/","1","0","4"
"/retail-mystery-shopping-guide/","200","Boost ROI With This Retail Mystery Shopping Guide | T-ROC","57","136","Retail Mystery Shopping: A Deeper Guide to Boosting In-Store ROI","1849","https://trocglobal.com/retail-mystery-shopping-guide/","1","0","2"
"/retail-operations-2026-why-efficiency-is-the-new-profit-driver/","200","Retail Operations 2026: Efficiency Is the New Profit Driver","59","157","Retail Operations 2026: Why Efficiency Is the New Profit Driver","2764","https://trocglobal.com/retail-operations-2026-why-efficiency-is-the-new-profit-driver/","1","0","3"
"/retail-operations-management/","200","A Guide To Retail Operations Management | T-Roc","47","132","Retail Operations Management: Complete Guide + 7 Functions (2026) | T-ROC","2567","https://trocglobal.com/retail-operations-management/","1","0","3"
"/retail-outsourcing-guide/","200","Retail Outsourcing: The Complete Guide to Managed Retail Operations (2026) - T-ROC","82","149","Retail Outsourcing: The Complete Guide to Managed Retail Operations (2026)","3867","https://trocglobal.com/retail-outsourcing-guide/","1","0","1"
"/retail-outsourcing/","200","Retail Outsourcing: The Complete Guide for Brands &amp; Retailers | T-ROC","73","150","Retail Outsourcing: The Complete Guide for Brands &#038; Retailers | T-ROC Global","1258","https://trocglobal.com/retail-outsourcing/","1","0","1"
"/retail-pricing-hidden-truth/","200","Retail Pricing Hidden Truth | T-ROC","35","135","The Hidden Truth: Why Retail Pricing Goes Beyond Just Tariffs [Expert Guide]","1433","https://trocglobal.com/retail-pricing-hidden-truth/","1","0","2"
"/retail-pricing-strategy-tariffs-2026/","200","Retail Pricing Strategy: Navigating the 2026 - T-ROC","52","154","Retail Pricing Strategy: Navigating the 2026","3169","https://trocglobal.com/retail-pricing-strategy-tariffs-2026/","1","0","2"
"/retail-revenue-optimization-strategies-multi-location-brands/","200","Retail Revenue Optimization: 7 Strategies for Multi-Location Brands - T-ROC","75","148","Retail Revenue Optimization: 7 Strategies for Multi-Location Brands","1603","https://trocglobal.com/retail-revenue-optimization-strategies-multi-location-brands/","1","0","2"
"/retail-sales-growth-consumer-confidence-2026/","200","Retail Sales Are Rising—But Consumer Confidence Is Falling. What That Means for 2026 - T-ROC","92","141","Retail Sales Are Rising—But Consumer Confidence Is Falling. What That Means for 2026","896","https://trocglobal.com/retail-sales-growth-consumer-confidence-2026/","1","0","1"
"/retail-services-for-apparel-footwear/","200","Retail Services for Apparel &amp; Footwear Brands | T-ROC","57","158","Retail Services for Apparel &#038; Footwear Brands | T-ROC Global","605","https://trocglobal.com/retail-services-for-apparel-footwear/","1","0","1"
"/retail-services-for-automotive/","200","Retail Services for Automotive &amp; Aftermarket Brands | T-ROC","63","160","Retail Services for Automotive &#038; Aftermarket Brands | T-ROC Global","764","https://trocglobal.com/retail-services-for-automotive/","1","0","1"
"/retail-services-for-beauty-brands/","200","Retail Services for Beauty &amp; Cosmetics Brands | T-ROC","57","158","Retail Services for Beauty &#038; Cosmetics Brands | T-ROC Global","824","https://trocglobal.com/retail-services-for-beauty-brands/","1","0","1"
"/retail-services-for-consumer-electronics/","200","Retail Services for Consumer Electronics Brands | T-ROC","55","156","Retail Services for Consumer Electronics Brands | T-ROC Global","838","https://trocglobal.com/retail-services-for-consumer-electronics/","1","0","1"
"/retail-services-for-cpg-brands/","200","Retail Services for CPG Brands | T-ROC","38","145","Retail Services for CPG Brands | T-ROC Global","782","https://trocglobal.com/retail-services-for-cpg-brands/","1","0","1"
"/retail-services-for-home-improvement/","200","Retail Services for Home Improvement Brands | T-ROC","51","158","Retail Services for Home Improvement Brands | T-ROC Global","620","https://trocglobal.com/retail-services-for-home-improvement/","1","0","1"
"/retail-services-for-pet-brands/","200","Retail Services for Pet Brands | T-ROC","38","145","Retail Services for Pet Brands | T-ROC Global","614","https://trocglobal.com/retail-services-for-pet-brands/","1","0","1"
"/retail-services-for-pharmaceutical-otc/","200","Retail Services for Pharmaceutical &amp; OTC Brands | T-ROC","59","160","Retail Services for Pharmaceutical &#038; OTC Brands | T-ROC Global","629","https://trocglobal.com/retail-services-for-pharmaceutical-otc/","1","0","1"
"/retail-services-for-restaurants/","200","Retail Services for Restaurants &amp; QSR | T-ROC","49","156","Retail Services for Restaurants &#038; QSR | T-ROC Global","842","https://trocglobal.com/retail-services-for-restaurants/","1","0","1"
"/retail-services-for-spirits-and-beverage/","200","Retail Services for Spirits &amp; Beverage Alcohol | T-ROC","58","159","Retail Services for Spirits &#038; Beverage Alcohol | T-ROC Global","768","https://trocglobal.com/retail-services-for-spirits-and-beverage/","1","0","1"
"/retail-services-for-sporting-goods/","200","Retail Services for Sporting Goods Brands | T-ROC","49","156","Retail Services for Sporting Goods Brands | T-ROC Global","602","https://trocglobal.com/retail-services-for-sporting-goods/","1","0","1"
"/retail-services-for-wireless-carriers/","200","Retail Services for Wireless Carriers &amp; Telecom Brands | T-ROC","66","160","Retail Services for Wireless Carriers &#038; Telecom Brands | T-ROC Global","889","https://trocglobal.com/retail-services-for-wireless-carriers/","1","0","1"
"/retail-services-in-arizona/","200","Retail Services in Arizona | T-ROC","34","153","Retail Services in Arizona | T-ROC Global","461","https://trocglobal.com/retail-services-in-arizona/","1","0","1"
"/retail-services-in-california/","200","Retail Services in California | T-ROC","37","156","Retail Services in California | T-ROC Global","571","https://trocglobal.com/retail-services-in-california/","1","0","1"
"/retail-services-in-colorado/","200","Retail Services in Colorado | T-ROC","35","154","Retail Services in Colorado | T-ROC Global","452","https://trocglobal.com/retail-services-in-colorado/","1","0","1"
"/retail-services-in-connecticut/","200","Retail Services in Connecticut | T-ROC","38","149","Retail Services in Connecticut | T-ROC Global","399","https://trocglobal.com/retail-services-in-connecticut/","1","0","1"
"/retail-services-in-florida/","200","Retail Services in Florida | T-ROC","34","154","Retail Services in Florida | T-ROC Global","657","https://trocglobal.com/retail-services-in-florida/","1","0","1"
"/retail-services-in-georgia/","200","Retail Services in Georgia | T-ROC","34","154","Retail Services in Georgia | T-ROC Global","455","https://trocglobal.com/retail-services-in-georgia/","1","0","1"
"/retail-services-in-illinois/","200","Retail Services in Illinois | T-ROC","35","154","Retail Services in Illinois | T-ROC Global","473","https://trocglobal.com/retail-services-in-illinois/","1","0","1"
"/retail-services-in-indiana/","200","Retail Services in Indiana | T-ROC","34","154","Retail Services in Indiana | T-ROC Global","462","https://trocglobal.com/retail-services-in-indiana/","1","0","1"
"/retail-services-in-maryland/","200","Retail Services in Maryland | T-ROC","35","146","Retail Services in Maryland | T-ROC Global","457","https://trocglobal.com/retail-services-in-maryland/","1","0","1"
"/retail-services-in-massachusetts/","200","Retail Services in Massachusetts | T-ROC","40","155","Retail Services in Massachusetts | T-ROC Global","469","https://trocglobal.com/retail-services-in-massachusetts/","1","0","1"
"/retail-services-in-michigan/","200","Retail Services in Michigan | T-ROC","35","154","Retail Services in Michigan | T-ROC Global","352","https://trocglobal.com/retail-services-in-michigan/","1","0","1"
"/retail-services-in-minnesota/","200","Retail Services in Minnesota | T-ROC","36","156","Retail Services in Minnesota | T-ROC Global","476","https://trocglobal.com/retail-services-in-minnesota/","1","0","1"
"/retail-services-in-missouri/","200","Retail Services in Missouri | T-ROC","35","154","Retail Services in Missouri | T-ROC Global","415","https://trocglobal.com/retail-services-in-missouri/","1","0","1"
"/retail-services-in-new-jersey/","200","Retail Services in New Jersey | T-ROC","37","148","Retail Services in New Jersey | T-ROC Global","391","https://trocglobal.com/retail-services-in-new-jersey/","1","0","1"
"/retail-services-in-new-york/","200","Retail Services in New York | T-ROC","35","146","Retail Services in New York | T-ROC Global","493","https://trocglobal.com/retail-services-in-new-york/","1","0","1"
"/retail-services-in-north-carolina/","200","Retail Services in North Carolina | T-ROC","41","152","Retail Services in North Carolina | T-ROC Global","465","https://trocglobal.com/retail-services-in-north-carolina/","1","0","1"
"/retail-services-in-ohio/","200","Retail Services in Ohio | T-ROC","31","151","Retail Services in Ohio | T-ROC Global","350","https://trocglobal.com/retail-services-in-ohio/","1","0","1"
"/retail-services-in-oregon/","200","Retail Services in Oregon | T-ROC","33","153","Retail Services in Oregon | T-ROC Global","398","https://trocglobal.com/retail-services-in-oregon/","1","0","1"
"/retail-services-in-pennsylvania/","200","Retail Services in Pennsylvania | T-ROC","39","150","Retail Services in Pennsylvania | T-ROC Global","355","https://trocglobal.com/retail-services-in-pennsylvania/","1","0","1"
"/retail-services-in-tennessee/","200","Retail Services in Tennessee | T-ROC","36","156","Retail Services in Tennessee | T-ROC Global","411","https://trocglobal.com/retail-services-in-tennessee/","1","0","1"
"/retail-services-in-texas/","200","Retail Services in Texas | T-ROC","32","143","Retail Services in Texas | T-ROC Global","600","https://trocglobal.com/retail-services-in-texas/","1","0","1"
"/retail-services-in-virginia/","200","Retail Services in Virginia | T-ROC","35","146","Retail Services in Virginia | T-ROC Global","400","https://trocglobal.com/retail-services-in-virginia/","1","0","1"
"/retail-services-in-washington/","200","Retail Services in Washington | T-ROC","37","157","Retail Services in Washington | T-ROC Global","356","https://trocglobal.com/retail-services-in-washington/","1","0","1"
"/retail-services-in-wisconsin/","200","Retail Services in Wisconsin | T-ROC","36","147","Retail Services in Wisconsin | T-ROC Global","387","https://trocglobal.com/retail-services-in-wisconsin/","1","0","1"
"/retail-services-pricing-guide/","200","Retail Services Pricing Guide 2026: Full Budget Framework | T-ROC","65","154","Retail Services Pricing Guide 2026: Full Budget Framework | T-ROC Global","1072","https://trocglobal.com/retail-services-pricing-guide/","1","0","1"
"/retail-services/","200","Retail Services Company: T-ROC Global&#039;s Full-Stack Retail Solutions | T-ROC","80","157","Retail Services Company: T-ROC Global&#8217;s Full-Stack Retail Solutions","1484","https://trocglobal.com/retail-services/","1","0","1"
"/retail-staffing-guide/","200","Retail Staffing Solutions: The Complete Guide to Building High-Performance Store Teams (2026) - T-ROC","101","147","Retail Staffing Solutions: The Complete Guide to Building High-Performance Store Teams (2026)","4022","https://trocglobal.com/retail-staffing-guide/","1","0","1"
"/retail-staffing-services/","200","Retail Staffing Services: National Workforce for Brands &amp; Retailers | T-ROC","79","156","Retail Staffing Services: National Workforce for Brands &#038; Retailers | T-ROC Global","1005","https://trocglobal.com/retail-staffing-services/","1","0","1"
"/retail-staffing-solutions/","200","Retail Staffing Solutions: Complete Guide for Brands and Retailers (2026) - T-ROC","81","154","Retail Staffing Solutions: Complete Guide for Brands and Retailers (2026)","1847","https://trocglobal.com/retail-staffing-solutions/","1","0","2"
"/retail-strategy-leadership-guide/","200","Retail Strategy: The Complete Guide to Building a High-Performance Retail Operation (2026) - T-ROC","98","154","Retail Strategy: The Complete Guide to Building a High-Performance Retail Operation (2026)","4608","https://trocglobal.com/retail-strategy-leadership-guide/","1","0","1"
"/retail-tariffs-impact-what-brands-must-do-now/","200","Retail Tariffs Impact: What Brands Must Do Now - T-ROC","54","150","Retail Tariffs Impact: What Brands Must Do Now","1242","https://trocglobal.com/retail-tariffs-impact-what-brands-must-do-now/","1","0","2"
"/retail-technology-guide/","200","Retail Technology Solutions: The Complete Guide to In-Store Innovation (2026) - T-ROC","85","152","Retail Technology Solutions: The Complete Guide to In-Store Innovation (2026)","4537","https://trocglobal.com/retail-technology-guide/","1","0","1"
"/retail-technology-trends-2026/","200","Retail Technology Trends 2026: What&#039;s Actually Working in Stores - T-ROC","77","162","Retail Technology Trends 2026: What&#8217;s Actually Working in Stores","1839","https://trocglobal.com/retail-technology-trends-2026/","1","0","2"
"/retail-trends-industry-guide/","200","Retail Trends 2026: The Complete Guide to What&#039;s Reshaping the Industry - T-ROC","84","161","Retail Trends 2026: The Complete Guide to What&#8217;s Reshaping the Industry","3861","https://trocglobal.com/retail-trends-industry-guide/","1","0","1"
"/retail360-ai-retail-execution-platform/","200","Retail360: AI-Powered Retail Execution Platform | T-ROC","55","173","Retail360: The AI-Powered Retail Execution Platform Built for the Modern Store Floor","1265","https://trocglobal.com/retail360-ai-retail-execution-platform/","1","0","1"
"/revolutionizing-retail-the-strategic-edge-of-t-roc-brand-ambassadors/","200","Revolutionizing Retail: The Strategic Edge of T-ROC Brand Ambassadors - T-ROC","77","153","Revolutionizing Retail: The Strategic Edge of T-ROC Brand Ambassadors","2728","https://trocglobal.com/revolutionizing-retail-the-strategic-edge-of-t-roc-brand-ambassadors/","1","0","3"
"/services/assembly-services/","200","Retail Assembly Services | Nationwide Product Assembly Solutions","64","129","Assembly Services","2857","https://trocglobal.com/assembly-services/","0","0","1"
"/services/automated-retail/","200","Automated Retail Services &amp; Program Management | T-ROC","58","149","Automated Retail Services","3798","https://trocglobal.com/automated-retail-services/","0","0","1"
"/services/brand-ambassadors/","200","Brand Ambassador Services &amp; Programs | T-ROC Global","55","153","Brand Ambassador Program","827","https://trocglobal.com/services/brand-ambassadors/","1","0","4"
"/services/business-intelligence/","200","Retail Business Intelligence &amp; Analytics | T-ROC Global","59","162","Business Intelligence","779","https://trocglobal.com/services/business-intelligence/","1","0","3"
"/services/end-to-end-solutions/","200","End-to-End Retail Solutions | T-ROC Global","42","156","End-To-End Solutions","714","https://trocglobal.com/services/end-to-end-solutions/","1","0","3"
"/services/experiential-retail-roadshows-pop-up-shows-and-events/","200","Experiential Retail, Pop-Up Stores &amp; Roadshows | T-ROC","58","164","Pop-Up Stores","753","https://trocglobal.com/services/experiential-retail-roadshows-pop-up-shows-and-events/","1","0","3"
"/services/field-management-software/","200","Field Management Software: T-ROC Connect | T-ROC Global","55","154","Field Management Software","894","https://trocglobal.com/services/field-management-software/","1","0","3"
"/services/field-teams/","200","Retail Field Teams &amp; Execution Services | T-ROC Global","58","156","Field Teams","834","https://trocglobal.com/services/field-teams/","1","0","3"
"/services/fulfillment/","200","Retail Fulfillment Services: BOPIS, Ship-From-Store | T-ROC","59","153","Fulfillment","706","https://trocglobal.com/services/fulfillment/","1","0","3"
"/services/merchandising/","200","Retail Merchandising Services | T-ROC Global","44","163","Strategic Merchandising Solutions","1149","https://trocglobal.com/services/merchandising/","1","0","3"
"/services/mystery-shopping-and-audits/","200","Mystery Shopping Services &amp; Audits | T-ROC Global","53","154","Mystery Shoppers","716","https://trocglobal.com/services/mystery-shopping-and-audits/","1","0","3"
"/services/on-demand-staffing/","200","On-Demand Retail Staffing Nationwide | T-ROC Global","51","160","On-Demand Staffing","821","https://trocglobal.com/services/on-demand-staffing/","1","0","3"
"/services/retail-as-a-service/","200","Retail as a Service (RaaS) | T-ROC Global","41","167","Retail As A Service","760","https://trocglobal.com/services/retail-as-a-service/","1","0","3"
"/services/retail360/","200","Retail360: AI Retail Operations Platform | T-ROC Global","55","160","Retail360 for Smarter Spending","716","https://trocglobal.com/services/retail360/","1","0","3"
"/services/sales-reps/","200","Outsourced Retail Sales Reps | T-ROC Global","43","163","Sales Reps","843","https://trocglobal.com/services/sales-reps/","1","0","3"
"/services/shopper-insights/","200","Shopper Insights &amp; Consumer Behavior Data | T-ROC Global","60","165","Shopper Insights","792","https://trocglobal.com/services/shopper-insights/","1","0","3"
"/services/store-resets/","200","Store Reset Services for National Chains | T-ROC Global","55","167","Store Reset Teams","747","https://trocglobal.com/services/store-resets/","1","0","3"
"/services/test-ag-20/","200","TEST AG 20 - T-ROC","18","0","Digital Labor for Physical Retail .","2276","https://trocglobal.com/services/test-ag-20/","1","1","2"
"/services/training/","200","Retail Training Programs &amp; Certification | T-ROC Global","59","153","Training","739","https://trocglobal.com/services/training/","1","0","3"
"/services/virtual-sales-training/","200","Virtual Sales Training for Retail Teams | T-ROC Global","54","163","VIRTUAL SALES TRAINING","1327","https://trocglobal.com/services/virtual-sales-training/","1","0","4"
"/shopper-insights-guide/","200","Shopper Insights: The Complete Guide to Understanding Your Retail Customer (2026) - T-ROC","89","156","Shopper Insights: The Complete Guide to Understanding Your Retail Customer (2026)","4120","https://trocglobal.com/shopper-insights-guide/","1","0","1"
"/significance-of-culture-in-a-work-environment/","200","Significance of Culture in Retail Work Environments: 2026 Operational Guide | T-ROC - T-ROC","91","154","Significance of Culture in Retail Work Environments: 2026 Operational Guide | T-ROC","1380","https://trocglobal.com/significance-of-culture-in-a-work-environment/","1","0","2"
"/site-index/","200","Site Index: Every T-ROC Global Page Organized by Section | T-ROC","64","153","Site Index: Every T-ROC Global Page Organized by Section | T-ROC Global","2183","https://trocglobal.com/site-index/","1","0","1"
"/smart-vending-machines-automated-retail/","200","The Future of Automated Retail | T-ROC","38","157","Smart Vending Machines 2026: Future of Automated Retail","1523","https://trocglobal.com/smart-vending-machines-automated-retail/","1","0","2"
"/social-commerce-strategies-retailers-cant-ignore/","200","Social Commerce Strategies Retailers Can’t Ignore - T-ROC","57","134","Social Commerce Strategies Retailers Can’t Ignore","1325","https://trocglobal.com/social-commerce-strategies-retailers-cant-ignore/","1","0","1"
"/solutions/","200","Outsourced Sales Staffing &amp; Teams Solutions | T-ROC","55","120","Solutions designed by ""The Power of .""","1755","https://trocglobal.com/solutions/","1","0","1"
"/solutions/consumer-insights/","200","Consumer Insights &amp; Shopper Intelligence Solutions | T-ROC","62","124","Consumer Insights","1096","https://trocglobal.com/solutions/consumer-insights/","1","0","1"
"/solutions/digital-data-insights/","200","Retail Data &amp; Insights Solutions for Smarter Decisions | T-ROC","66","82","Digital Data and Insights","1001","https://trocglobal.com/solutions/digital-data-insights/","1","0","1"
"/solutions/omnichannel-operations/","200","Omnichannel Operations Solutions for Retail Performance | T-ROC","63","92","Omnichannel Operations","1504","https://trocglobal.com/solutions/omnichannel-operations/","1","0","1"
"/solutions/people-solutions/","200","Retail staffing and people solutions","36","91","People Solutions","1137","https://trocglobal.com/solutions/people-solutions/","1","0","1"
"/solutions/technology-solutions/","200","Retail Technology Solutions That Accelerate Sales | T-ROC","57","127","Technology Solutions","1130","https://trocglobal.com/solutions/technology-solutions/","1","0","1"
"/solving-labor-shortages-improving-customer-experience/","200","Solving Labor Shortages &amp; Improving Customer Experience - T-ROC","67","150","Solving Labor Shortages &#038; Improving Customer Experience","1576","https://trocglobal.com/solving-labor-shortages-improving-customer-experience/","1","0","2"
"/sporting-goods-retail-services-in-colorado/","200","Sporting Goods Retail Services in Colorado | T-ROC","50","144","Sporting Goods Retail Services in Colorado | T-ROC Global","488","https://trocglobal.com/sporting-goods-retail-services-in-colorado/","1","0","1"
"/staff-scheduling-retail/","200","Effective Staff Scheduling Retail Solutions","43","137","Effective Staff Scheduling for Retail Success","2332","https://trocglobal.com/staff-scheduling-retail/","1","0","3"
"/staff-scheduling-software/","200","Understanding Staff Scheduling Software - T-ROC","47","152","Understanding Staff Scheduling Software","2656","https://trocglobal.com/staff-scheduling-software/","1","0","3"
"/stop-guessing-your-retail-spending-needs-ai-meet-retail-360/","200","Stop Guessing! Your Retail Spending Needs AI - T-ROC","52","151","Stop Guessing! Your Retail Spending Needs AI","1198","https://trocglobal.com/stop-guessing-your-retail-spending-needs-ai-meet-retail-360/","1","0","2"
"/store-fulfillment-strategy-shipping-from-stores/","200","Store Fulfillment: Why Retailers Are Shipping From Stores","57","155","Store Fulfillment Strategy: Why Retailers Are Shipping From Stores","1201","https://trocglobal.com/store-fulfillment-strategy-shipping-from-stores/","1","0","2"
"/store-reset-services-cost/","200","How Much Do Store Reset Services Cost? 2026 Pricing Guide | T-ROC","65","154","How Much Do Store Reset Services Cost? 2026 Pricing Guide | T-ROC Global","812","https://trocglobal.com/store-reset-services-cost/","1","0","1"
"/store-resets-a-complete-guide-to-boosting-retail-sales/","200","Store Resets Guide to Boost Retail Sales | T-ROC","48","139","Store Resets: A Complete Guide to Boosting Retail Sales","1469","https://trocglobal.com/store-resets-a-complete-guide-to-boosting-retail-sales/","1","0","3"
"/store-resets-for-grocery-retail/","200","Store Reset Services for Grocery Retail | T-ROC","47","154","Store Reset Services for Grocery Retail | T-ROC Global","561","https://trocglobal.com/store-resets-for-grocery-retail/","1","0","1"
"/suriving-black-friday-scaling-for-chaos-the-power-of-automated-retail-kiosk-solutions/","200","Black Friday Automated Retail Kiosk Solutions: Scale Fast","57","148","Suriving Black Friday &#038; Scaling for Chaos: The Power of Automated Retail Kiosk Solutions","2840","https://trocglobal.com/suriving-black-friday-scaling-for-chaos-the-power-of-automated-retail-kiosk-solutions/","1","0","2"
"/t-mobile-abre-su-primera-tienda-en-cidra/","200","T-Mobile abre su primera tienda en Cidra - T-ROC","48","153","T-Mobile abre su primera tienda en Cidra","630","https://trocglobal.com/t-mobile-abre-su-primera-tienda-en-cidra/","1","1","2"
"/t-roc-globals-retail360-wins-2025-twice-vip-award-for-innovation-in-retail-technology/","200","Retail360 Wins 2025 TWICE VIP Award | T-ROC","43","133","T-ROC Global&#8217;s Retail360 Wins 2025 TWICE VIP Award for Innovation in Retail Technology","817","https://trocglobal.com/t-roc-globals-retail360-wins-2025-twice-vip-award-for-innovation-in-retail-technology/","1","0","2"
"/t-roc-holiday-hiring-plan-includes-5000-new-employees/","200","T-ROC Holiday Hiring Plan Includes 5,000 New Employees - T-ROC","62","157","T-ROC Holiday Hiring Plan Includes 5,000 New Employees","3113","https://trocglobal.com/t-roc-holiday-hiring-plan-includes-5000-new-employees/","1","0","2"
"/t-roc-partners-with-hisense-to-showcase-cutting-edge-retail-solutions-at-ces-2025/","200","Hisense Cutting-Edge Showcase at CES 2025 | T-ROC","49","131","T-ROC Partners with Hisense to Showcase Cutting-Edge Retail Solutions at CES 2025","1487","https://trocglobal.com/t-roc-partners-with-hisense-to-showcase-cutting-edge-retail-solutions-at-ces-2025/","1","0","2"
"/t-roc-retail360-retail-execution-leadership-insights/","200","Retail 360: Closing the Retail Execution Gap | T-ROC","52","139","T-ROC Retail360: Closing the Retail Execution Gap with Real-Time Leadership Insights","1411","https://trocglobal.com/t-roc-retail360-retail-execution-leadership-insights/","1","0","2"
"/t-roc-retail360-the-ai-engine-for-smarter-retail-spending/","200","T-ROC Retail360: AI Engine for Smarter Retail Spending","54","146","T-ROC Retail360: The AI Engine for Smarter Retail Spending","1209","https://trocglobal.com/t-roc-retail360-the-ai-engine-for-smarter-retail-spending/","1","0","2"
"/t-roc-your-trusted-partner-as-a-tier-1-third-party-labor-3pl-provider-for-best-buy/","200","Tier 1 Third-Party Labor Provider for Best Buy | T-ROC","54","140","T-ROC: Your Trusted Partner as a Tier 1 Third-Party Labor (3PL) Provider for Best Buy","1277","https://trocglobal.com/t-roc-your-trusted-partner-as-a-tier-1-third-party-labor-3pl-provider-for-best-buy/","1","0","2"
"/t-rocs-brett-beveridge-shares-holiday-retail-predictions-forecasting-increase-in-sales-despite-a-shorter-consumer-purchasing-window/","200","Brett Beveridge&#039;s 2024 Holiday Retail Predictions for Brands","65","157","T-ROC’s Brett Beveridge Shares Holiday Retail Predictions, Forecasting Increase in Sales Despite a Shorter Consumer Purchasing Window","1061","https://trocglobal.com/t-rocs-brett-beveridge-shares-holiday-retail-predictions-forecasting-increase-in-sales-despite-a-shorter-consumer-purchasing-window/","1","0","2"
"/team/brett-beveridge/","200","Brett Beveridge | Founder &amp; CEO | T-ROC","43","158","Brett Beveridge","135","https://trocglobal.com/team/brett-beveridge/","1","0","2"
"/team/brian-kava/","200","Brian Kava | T-ROC Leadership","29","147","Brian Kava","132","https://trocglobal.com/team/brian-kava/","1","0","1"
"/team/chris-frederick/","200","Chris Frederick | T-ROC Leadership","34","149","Chris Frederick","132","https://trocglobal.com/team/chris-frederick/","1","0","1"
"/team/chris-green/","200","Chris Green | T-ROC Leadership","30","124","Chris Green","132","https://trocglobal.com/team/chris-green/","1","0","1"
"/team/eddie-maza/","200","Eddie Maza | T-ROC Leadership","29","143","Eddie Maza","132","https://trocglobal.com/team/eddie-maza/","1","0","1"
"/team/eduardo-santaella/","200","Eduardo Santaella | T-ROC Leadership","36","137","Eduardo Santaella","132","https://trocglobal.com/team/eduardo-santaella/","1","0","1"
"/team/elizabeth-valgora/","200","Elizabeth Valgora | T-ROC Leadership","36","140","Elizabeth Valgora","132","https://trocglobal.com/team/elizabeth-valgora/","1","0","1"
"/team/geovani-aday/","200","Geovani Aday | T-ROC Leadership","31","140","Geovani Aday","132","https://trocglobal.com/team/geovani-aday/","1","0","1"
"/team/karen-paletta/","200","Karen Paletta | T-ROC Leadership","32","146","Karen Paletta","132","https://trocglobal.com/team/karen-paletta/","1","0","1"
"/team/lowell-rush/","200","Lowell Rush | T-ROC Leadership","30","158","Lowell Rush","132","https://trocglobal.com/team/lowell-rush/","1","0","1"
"/team/randy-knutson/","200","Randy Knutson | T-ROC Leadership","32","144","Randy Knutson","132","https://trocglobal.com/team/randy-knutson/","1","0","1"
"/the-competitive-edge-automated-retail-in-the-holidays/","200","The Competitive Edge: Automated Retail in the Holidays - T-ROC","62","158","The Competitive Edge: Automated Retail in the Holidays","2410","https://trocglobal.com/the-competitive-edge-automated-retail-in-the-holidays/","1","0","2"
"/the-dark-side-of-personalization-in-retail/","200","The Dark Side of Personalization in Retail - T-ROC","50","155","The Dark Side of Personalization in Retail","1394","https://trocglobal.com/the-dark-side-of-personalization-in-retail/","1","0","2"
"/the-functions-of-retail-operations-management/","200","The Functions of Retail Operations Management - T-ROC","53","148","The Functions of Retail Operations Management","2176","https://trocglobal.com/the-functions-of-retail-operations-management/","1","0","2"
"/the-future-of-audio-technology-3-defining-trends-from-ces-2026/","200","Future of Audio Tech: 3 Defining Trends from CES 2026","53","139","The Future of Audio Technology: 3 Defining Trends from CES 2026","1062","https://trocglobal.com/the-future-of-audio-technology-3-defining-trends-from-ces-2026/","1","0","2"
"/the-future-of-automated-retail-benefits-barriers-and-2026-trends/","200","Future of Automated Retail: Benefits, Barriers &amp; Trends","59","154","The Future of Automated Retail: Benefits, Barriers, and 2026 Trends","1489","https://trocglobal.com/the-future-of-automated-retail-benefits-barriers-and-2026-trends/","1","0","2"
"/the-impact-of-artificial-intelligence-ai-on-customer-engagement/","200","The Impact of AI on Customer Engagement | T-ROC","47","138","The Impact of Artificial Intelligence (AI) on Customer Engagement","2334","https://trocglobal.com/the-impact-of-artificial-intelligence-ai-on-customer-engagement/","1","0","2"
"/the-key-benefits-of-brand-ambassadors-boosting-visibility-and-building-trust/","200","The Key Benefits Of Brand Ambassadors | T-ROC","45","129","The Key Benefits of Brand Ambassadors: Boosting Visibility and Building Trust","2627","https://trocglobal.com/the-key-benefits-of-brand-ambassadors-boosting-visibility-and-building-trust/","1","0","3"
"/the-outsourcing-advantage-3-essential-tips-for-success/","200","The Outsourcing Advantage: 3 Essential Tips for Success - T-ROC","63","142","The Outsourcing Advantage: 3 Essential Tips for Success","1154","https://trocglobal.com/the-outsourcing-advantage-3-essential-tips-for-success/","1","0","2"
"/the-pop-up-shop-playbook-steps-to-a-successful-launch/","200","Steps to a Successful Launch | T-ROC","36","141","The Pop-Up Shop Playbook: Steps to a Successful Launch","1550","https://trocglobal.com/the-pop-up-shop-playbook-steps-to-a-successful-launch/","1","0","2"
"/the-revolution-of-retail-how-ai-is-shaping-the-future-of-commerce/","200","The Revolution of Retail: How AI is Shaping the Future of Commerce - T-ROC","74","145","The Revolution of Retail: How AI is Shaping the Future of Commerce","1124","https://trocglobal.com/the-revolution-of-retail-how-ai-is-shaping-the-future-of-commerce/","1","0","2"
"/the-secret-to-in-store-success-flawless-assembly-that-shoppers-never-notice/","200","The Secret to In-Store Success that is Never Noticed | T-ROC","60","117","The Secret to In-Store Success? Flawless Assembly That Shoppers Never Notice","2536","https://trocglobal.com/the-secret-to-in-store-success-flawless-assembly-that-shoppers-never-notice/","1","0","2"
"/the-silent-customer-loyalty-killers-at-checkout-and-how-to-fix-them/","200","How Checkout Experience Impacts Retail Customer Loyalty | T-ROC","63","125","The Silent Customer Loyalty Killers at Checkout—And How to Fix Them","1443","https://trocglobal.com/the-silent-customer-loyalty-killers-at-checkout-and-how-to-fix-them/","1","0","2"
"/the-tech-enabled-ambassador-how-data-driven-assisted-sales-closes-the-loop/","200","Tech-Enabled Ambassador: Data-Driven Assisted Sales Loop","56","149","The Tech-Enabled Ambassador: How Data-Driven Assisted Sales Closes the Loop","1247","https://trocglobal.com/the-tech-enabled-ambassador-how-data-driven-assisted-sales-closes-the-loop/","1","0","2"
"/the-ultimate-guide-to-hosting-roadshows-and-pop-up-events/","200","The Ultimate Guide to Roadshows and Pop-Up Events | T-ROC","57","136","The Ultimate Guide to Hosting Roadshows and Pop-Up Events","3115","https://trocglobal.com/the-ultimate-guide-to-hosting-roadshows-and-pop-up-events/","1","0","2"
"/the-ultimate-guide-to-mystery-shopping-unlocking-your-business-potential/","200","Mystery Shopping Service Guide for Business Growth | T-ROC","58","131","The Ultimate Guide to Mystery Shopping: Unlocking Your Business Potential","1504","https://trocglobal.com/the-ultimate-guide-to-mystery-shopping-unlocking-your-business-potential/","1","0","1"
"/third-party-merchandising-unlock-your-in-store-roi/","200","Third-Party Merchandising: Unlock Your In-Store ROI - T-ROC","59","144","Third-Party Merchandising: Unlock Your In-Store ROI","1464","https://trocglobal.com/third-party-merchandising-unlock-your-in-store-roi/","1","0","2"
"/top-benefits-of-mystery-shopping-for-retail-giants-in-2024/","200","Top Benefits of Mystery Shopping for Retail Giants in 2024","58","154","Top Benefits of Mystery Shopping for Retail Giants: What You Need to Know in 2024","1427","https://trocglobal.com/top-benefits-of-mystery-shopping-for-retail-giants-in-2024/","1","0","2"
"/troc-field-teams-human-advantage-retail/","200","T-ROC Field Teams: The Human Advantage in Retail","48","140","T-ROC Field Teams: The Human Advantage Behind Every Retail Win","1311","https://trocglobal.com/troc-field-teams-human-advantage-retail/","1","0","2"
"/troc-news-and-updates/","200","T-ROC Global: Company News, Awards &amp; Retail Industry Insights | T-ROC","73","150","T-ROC Global: Company News, Awards &amp; Retail Industry Insights","3346","https://trocglobal.com/troc-news-and-updates/","1","0","1"
"/troc-retail360-retail-execution-platform/","200","T-ROC Retail360: The Retail Execution Platform That Transforms Store Performance - T-ROC","88","147","T-ROC Retail360: The Retail Execution Platform That Transforms Store Performance","1192","https://trocglobal.com/troc-retail360-retail-execution-platform/","1","0","3"
"/troc-videos/ai-is-reshaping-retail-operations-from-the-inside-out/","200","AI Is Reshaping Retail Operations From the Inside Out.","54","0","AI Is Reshaping Retail Operations From the Inside Out.","482","","0","0","0"
"/troc-videos/are-you-losing-sales-without-even-realizing-it/","200","Are you losing sales without even realizing it ?","48","0","Are you losing sales without even realizing it ?","543","","0","0","0"
"/troc-videos/assembly-services-that-keep-sales-moving/","200","Assembly Services That Keep Sales Moving","40","0","Assembly Services That Keep Sales Moving","559","","0","0","0"
"/troc-videos/assembly-services-that-turn-inventory-into-immediate-sales/","200","Assembly Services That Turn Inventory Into Immediate Sales","58","0","Assembly Services That Turn Inventory Into Immediate Sales","572","","0","0","0"
"/troc-videos/brand-ambassador-programs-that-prove-roi-isnt-a-guess-its-a-guarantee/","200","Brand Ambassador Programs That Prove ROI Isn’t a Guess—It’s a Guarantee","71","0","Brand Ambassador Programs That Prove ROI Isn’t a Guess—It’s a Guarantee","566","","0","0","0"
"/troc-videos/brett-beveridge-its-a-game-of-inches/","200","Brett Beveridge – “It’s a Game of Inches” - T-ROC","49","150","Brett Beveridge – “It’s a Game of Inches”","143","https://trocglobal.com/troc-videos/brett-beveridge-its-a-game-of-inches/","1","0","1"
"/troc-videos/brett-beveridge-real-life-stories-of-a-crazy-entrepreneur-ep-11/","200","Brett Beveridge: Real Life Stories of A Crazy Entrepreneur - Ep.11 - T-ROC","74","151","Brett Beveridge: Real Life Stories of A Crazy Entrepreneur &#8211; Ep.11","149","https://trocglobal.com/troc-videos/brett-beveridge-real-life-stories-of-a-crazy-entrepreneur-ep-11/","1","0","1"
"/troc-videos/brett-beveridge-real-life-stories-of-a-crazy-entrepreneur-ep-2/","200","Brett Beveridge: Real Life Stories of A Crazy Entrepreneur - Ep. 2 - T-ROC","74","151","Brett Beveridge: Real Life Stories of A Crazy Entrepreneur &#8211; Ep. 2","151","https://trocglobal.com/troc-videos/brett-beveridge-real-life-stories-of-a-crazy-entrepreneur-ep-2/","1","0","1"
"/troc-videos/bretts-retail-strategy/","200","Brett&#039;s Retail Strategy - T-ROC","36","137","Brett&#8217;s Retail Strategy","133","https://trocglobal.com/troc-videos/bretts-retail-strategy/","1","0","1"
"/troc-videos/di-coleman-crooks/","200","Coleman Crooks - T-ROC","22","123","Coleman Crooks","131","https://trocglobal.com/troc-videos/di-coleman-crooks/","1","0","1"
"/troc-videos/di-yessenia-castro/","200","Yessenia Castro - T-ROC","23","124","Yessenia Castro","131","https://trocglobal.com/troc-videos/di-yessenia-castro/","1","0","1"
"/troc-videos/diversity-inclusion/","200","Diversity &amp; Inclusion - T-ROC","33","134","Diversity &#038; Inclusion","133","https://trocglobal.com/troc-videos/diversity-inclusion/","1","0","1"
"/troc-videos/giving-back-with-t-roc-this-christmas/","200","Giving Back with T-ROC this Christmas - T-ROC","45","146","Giving Back with T-ROC this Christmas","139","https://trocglobal.com/troc-videos/giving-back-with-t-roc-this-christmas/","1","0","1"
"/troc-videos/ipt-podcast-episode-3-w-brett-beveridge-the-beginning-of-viba/","200","IPT Podcast: Episode 3 w/ Brett Beveridge - The Beginning of VIBA - T-ROC","73","150","IPT Podcast: Episode 3 w/ Brett Beveridge &#8211; The Beginning of VIBA","151","https://trocglobal.com/troc-videos/ipt-podcast-episode-3-w-brett-beveridge-the-beginning-of-viba/","1","0","1"
"/troc-videos/ipt-podcast-episode-5-with-mike-graen-big-changes-driving-retail/","200","IPT Podcast Episode 5 with Mike Graen: Big Changes Driving Retail - T-ROC","73","150","IPT Podcast Episode 5 with Mike Graen: Big Changes Driving Retail","149","https://trocglobal.com/troc-videos/ipt-podcast-episode-5-with-mike-graen-big-changes-driving-retail/","1","0","1"
"/troc-videos/ipt-podcast-episode-6-it-wasnt-that-long-ago/","200","IPT Podcast: Episode 6 – “It Wasn’t That Long Ago” - T-ROC","58","148","IPT Podcast: Episode 6 – “It Wasn’t That Long Ago”","147","https://trocglobal.com/troc-videos/ipt-podcast-episode-6-it-wasnt-that-long-ago/","1","0","1"
"/troc-videos/is-your-retail-merchandising-strategy-costing-you-sales-heres-how-to-fix-it/","200","Is Your Retail Merchandising Strategy Costing You Sales? Here’s How to Fix It!","78","0","Is Your Retail Merchandising Strategy Costing You Sales? Here’s How to Fix It!","569","","0","0","0"
"/troc-videos/mystery-shopping-that-delivers-more-than-feedback-it-delivers-results/","200","Mystery Shopping That Delivers More Than Feedback—It Delivers Results","69","0","Mystery Shopping That Delivers More Than Feedback—It Delivers Results","536","","0","0","0"
"/troc-videos/mystery-shopping-uncover-the-truth-behind-your-retail-execution/","200","Mystery Shopping: Uncover the Truth Behind Your Retail Execution","64","0","Mystery Shopping: Uncover the Truth Behind Your Retail Execution","520","","0","0","0"
"/troc-videos/pop-up-events-and-roadshows-where-retail-comes-to-life/","200","Pop-Up Events and Roadshows: Where Retail Comes to Life","55","0","Pop-Up Events and Roadshows: Where Retail Comes to Life","570","","0","0","0"
"/troc-videos/retail-merchandising-services-that-protect-brand-integrity-at-scale/","200","Retail Merchandising Services That Protect Brand Integrity at Scale","67","0","Retail Merchandising Services That Protect Brand Integrity at Scale","545","","0","0","0"
"/troc-videos/retail360-transforming-store-strategy-through-data-ai-and-actionable-insights/","200","Retail360: Transforming Store Strategy Through Data, AI, and Actionable Insights","80","0","Retail360: Transforming Store Strategy Through Data, AI, and Actionable Insights","522","","0","0","0"
"/troc-videos/see-what-your-customers-see-with-mystery-shopping-services-that-deliver-real-results/","200","Tech Treks with Brett: Inside the World’s First AI-Powered Restaurant","69","0","See What Your Customers See—With Mystery Shopping Services That Deliver Real Results","538","","0","0","0"
"/troc-videos/smarter-store-placement-starts-with-retail-intelligence-that-actually-works/","200","Smarter Store Placement Starts with Retail Intelligence That Actually Works","75","0","Smarter Store Placement Starts with Retail Intelligence That Actually Works","523","","0","0","0"
"/troc-videos/store-resets-retail-execution-how-smart-planning-drives-sales/","200","Store Resets &amp; Retail Execution: How Smart Planning Drives Sales","68","0","Store Resets &amp; Retail Execution: How Smart Planning Drives Sales","563","","0","0","0"
"/troc-videos/t-roc-automated-retail-smarter-shopping-powered-by-technology/","200","The Future of Retail? Technology + Human-Centered Experiences.","62","0","T-ROC Automated Retail: Smarter Shopping, Powered by Technology","565","","0","0","0"
"/troc-videos/t-roc-olpc-and-first-star-um-academy/","200","T-ROC + OLPC AND First Star UM Academy - T-ROC","46","147","T-ROC + OLPC AND First Star UM Academy","143","https://trocglobal.com/troc-videos/t-roc-olpc-and-first-star-um-academy/","1","0","1"
"/troc-videos/t-roc-spotlight-michelle-burdette/","200","T-ROC Spotlight: Michelle Burdette - T-ROC","42","143","T-ROC Spotlight: Michelle Burdette","135","https://trocglobal.com/troc-videos/t-roc-spotlight-michelle-burdette/","1","0","1"
"/troc-videos/tech-treks-with-brett-ces-2025-highlights-hallidays-proactive-ai-glasses/","200","Tech Treks with Brett: CES 2025 Highlights Halliday’s Proactive AI Glasses","74","0","Tech Treks with Brett: CES 2025 Highlights Halliday’s Proactive AI Glasses","556","","0","0","0"
"/troc-videos/tech-treks-with-brett-exploring-the-future-of-ai-robotics/","200","Tech Treks with Brett: Exploring the Future of AI Robotics","58","0","Tech Treks with Brett: Exploring the Future of AI Robotics","542","","0","0","0"
"/troc-videos/the-future-of-retail-technology-insights/","200","The Future of Retail: Technology Insights - T-ROC","49","150","The Future of Retail: Technology Insights","139","https://trocglobal.com/troc-videos/the-future-of-retail-technology-insights/","1","0","1"
"/troc-videos/the-hidden-reason-your-store-isnt-selling-more-fix-it-with-a-store-reset/","200","The Hidden Reason Your Store Isn’t Selling More – Fix It with a Store Reset","75","0","The Hidden Reason Your Store Isn’t Selling More – Fix It with a Store Reset","649","","0","0","0"
"/troc-videos/the-retail-ai-revolution-is-here-are-you-ready/","200","The Retail AI Revolution Is Here. Are You Ready?","48","0","The Retail AI Revolution Is Here. Are You Ready?","489","","0","0","0"
"/troc-videos/the-secret-to-retail-success-data-merchandising/","200","The Secret to Retail Success: Data + Merchandising","50","0","The Secret to Retail Success: Data + Merchandising","520","","0","0","0"
"/troc-videos/video-title-1/","200","Christmas Wars - T-ROC","22","123","Christmas Wars","131","https://trocglobal.com/troc-videos/video-title-1/","1","0","1"
"/troc-videos/video-title-10/","200","MSO Spotlight: Coleman Crooks - T-ROC","37","138","MSO Spotlight: Coleman Crooks","135","https://trocglobal.com/troc-videos/video-title-10/","1","0","1"
"/troc-videos/video-title-2/","200","The Monster Cockroach Prank - T-ROC","35","136","The Monster Cockroach Prank","135","https://trocglobal.com/troc-videos/video-title-2/","1","0","1"
"/troc-videos/video-title-3-2-3-2-2-2-2-2-2-2-2-2-2-2-2-2-2-2-2-2-2-2/","200","T-ROC Mystery Shopping: What Your Customers See Might Surprise You - T-ROC","74","151","T-ROC Mystery Shopping: What Your Customers See Might Surprise You","147","https://trocglobal.com/troc-videos/video-title-3-2-3-2-2-2-2-2-2-2-2-2-2-2-2-2-2-2-2-2-2-2/","1","0","1"
"/troc-videos/video-title-3-2-3-2-2-2-2-2-2-2-2-2-2-2-2-2-2-2-2-2-2/","200","T-ROC Mystery Shopping: What’s Getting Missed at Shelf Level? - T-ROC","69","146","T-ROC Mystery Shopping: What’s Getting Missed at Shelf Level?","145","https://trocglobal.com/troc-videos/video-title-3-2-3-2-2-2-2-2-2-2-2-2-2-2-2-2-2-2-2-2-2/","1","0","1"
"/troc-videos/video-title-3-2-3-2-2-2-2-2-2-2-2-2-2-2-2-2-2-2-2/","200","AI Just Changed the Game for Smart Home Cleaning! - T-ROC","57","158","AI Just Changed the Game for Smart Home Cleaning!","145","https://trocglobal.com/troc-videos/video-title-3-2-3-2-2-2-2-2-2-2-2-2-2-2-2-2-2-2-2/","1","0","1"
"/troc-videos/video-title-3-2-3-2-2-2-2-2-2-2-2-2-2-2-2-2-2/","200","Tech Treks with Brett: Would You Wear Glasses That Think for You? | CES 2025 Innovation - T-ROC","95","155","Tech Treks with Brett: Would You Wear Glasses That Think for You? | CES 2025 Innovation","159","https://trocglobal.com/troc-videos/video-title-3-2-3-2-2-2-2-2-2-2-2-2-2-2-2-2-2/","1","0","1"
"/troc-videos/video-title-3-2-3-2-2-2-2-2-2-2-2-2-2-2-2-2/","200","Tech Treks with Brett: Would You Eat at an AI-Run Restaurant? The Future Is Here - T-ROC","88","157","Tech Treks with Brett: Would You Eat at an AI-Run Restaurant? The Future Is Here","157","https://trocglobal.com/troc-videos/video-title-3-2-3-2-2-2-2-2-2-2-2-2-2-2-2-2/","1","0","1"
"/troc-videos/video-title-3-2-3-2-2-2-2-2-2-2-2-2-2-2/","200","T-ROC Merchandising: The Power of Data-Driven Displays That Drive Sales - T-ROC","79","156","T-ROC Merchandising: The Power of Data-Driven Displays That Drive Sales","147","https://trocglobal.com/troc-videos/video-title-3-2-3-2-2-2-2-2-2-2-2-2-2-2/","1","0","1"
"/troc-videos/video-title-3-2-3-2-2-2-2-2-2-2-2/","200","T-ROC Merchandising: How Top Brands Win with Flawless In-Store Execution - T-ROC","80","157","T-ROC Merchandising: How Top Brands Win with Flawless In-Store Execution","147","https://trocglobal.com/troc-videos/video-title-3-2-3-2-2-2-2-2-2-2-2/","1","0","1"
"/troc-videos/video-title-3-2-3-2-2-2-2-2-2/","200","Assembly Services That Boost Retail Sales – Here’s How T-ROC Does It! - T-ROC","77","154","Assembly Services That Boost Retail Sales – Here’s How T-ROC Does It!","151","https://trocglobal.com/troc-videos/video-title-3-2-3-2-2-2-2-2-2/","1","0","1"
"/troc-videos/video-title-3-2-3-2-2-2-2-2/","200","T-ROC Assembly Services: Fast, Accurate Product Assembly That Boosts Retail Sales - T-ROC","89","154","T-ROC Assembly Services: Fast, Accurate Product Assembly That Boosts Retail Sales","149","https://trocglobal.com/troc-videos/video-title-3-2-3-2-2-2-2-2/","1","0","1"
"/troc-videos/video-title-3-2-3-2-2-2-2/","200","T-ROC Retail360: How AI + Market Data Drive Smarter Retail Expansion - T-ROC","76","153","T-ROC Retail360: How AI + Market Data Drive Smarter Retail Expansion","149","https://trocglobal.com/troc-videos/video-title-3-2-3-2-2-2-2/","1","0","1"
"/troc-videos/video-title-3-2-3-2-2-2/","200","Where Should You Sell Your Product? Retail 360 Has the Answer - T-ROC","69","146","Where Should You Sell Your Product? Retail 360 Has the Answer","149","https://trocglobal.com/troc-videos/video-title-3-2-3-2-2-2/","1","0","1"
"/troc-videos/video-title-3-2-3-2/","200","T-ROC Brand Ambassador Program: The In-Store Sales Strategy Every Brand Needs - T-ROC","85","154","T-ROC Brand Ambassador Program: The In-Store Sales Strategy Every Brand Needs","149","https://trocglobal.com/troc-videos/video-title-3-2-3-2/","1","0","1"
"/troc-videos/video-title-3-2/","200","Is Your Store in Need of a Reset? Here’s Why It Matters! - T-ROC","64","154","Is Your Store in Need of a Reset? Here’s Why It Matters!","151","https://trocglobal.com/troc-videos/video-title-3-2/","1","0","1"
"/troc-videos/video-title-3/","200","Work Hard. Have Fun. Go Far. - T-ROC","36","137","Work Hard. Have Fun. Go Far.","139","https://trocglobal.com/troc-videos/video-title-3/","1","0","1"
"/troc-videos/video-title-4/","200","Lovin’ Our Company Swag! - T-ROC","32","133","Lovin’ Our Company Swag!","135","https://trocglobal.com/troc-videos/video-title-4/","1","0","1"
"/troc-videos/video-title-5/","200","T-ROC Recruitment: Here’s Looking At Your Career! - T-ROC","57","158","T-ROC Recruitment: Here’s Looking At Your Career!","141","https://trocglobal.com/troc-videos/video-title-5/","1","0","1"
"/troc-videos/video-title-6/","200","Retail Operations Management by T-ROC - T-ROC","45","146","Retail Operations Management by T-ROC","137","https://trocglobal.com/troc-videos/video-title-6/","1","0","1"
"/troc-videos/video-title-7/","200","LTM Employee Spotlight – Sean Thompson, Xfinity Market Manager - T-ROC","70","147","LTM Employee Spotlight – Sean Thompson, Xfinity Market Manager","145","https://trocglobal.com/troc-videos/video-title-7/","1","0","1"
"/troc-videos/video-title-8/","200","LTM Employee Spotlight – Hailey Avery, Retail Sales Lead - T-ROC","64","154","LTM Employee Spotlight – Hailey Avery, Retail Sales Lead","145","https://trocglobal.com/troc-videos/video-title-8/","1","0","1"
"/troc-videos/video-title-9/","200","MSO Spotlight: Yessenia Castro - T-ROC","38","139","MSO Spotlight: Yessenia Castro","135","https://trocglobal.com/troc-videos/video-title-9/","1","0","1"
"/troc-videos/want-to-win-more-market-share-be-present-where-it-counts/","200","Want to Win More Market Share? Be Present Where It Counts.","58","0","Want to Win More Market Share? Be Present Where It Counts.","555","","0","0","0"
"/troc-videos/we-are-t-roc-this-is-where-great-people-shine/","200","We Are T-ROC! This Is Where Great People Shine. - T-ROC","55","156","We Are T-ROC! This Is Where Great People Shine.","145","https://trocglobal.com/troc-videos/we-are-t-roc-this-is-where-great-people-shine/","1","0","1"
"/troc-videos/where-retail-sales-are-won-on-the-floor-with-the-right-people/","200","Where Retail Sales Are Won: On the Floor, With the Right People","63","0","Where Retail Sales Are Won: On the Floor, With the Right People","543","","0","0","0"
"/troc-videos/your-customers-know-the-truth-do-you/","200","Your Customers Know the Truth—Do You?","37","0","Your Customers Know the Truth—Do You?","528","","0","0","0"
"/troc-vs-acosta/","200","T-ROC vs. Acosta - T-ROC","24","131","T-ROC vs. Acosta : Retail Field Services &amp; Brand Execution Compared","1582","https://trocglobal.com/troc-vs-acosta/","1","0","1"
"/troc-vs-advantage-solutions/","200","T-ROC vs. Advantage Solutions - T-ROC","37","144","T-ROC vs. Advantage Solutions: Retail Services Comparison","1500","https://trocglobal.com/troc-vs-advantage-solutions/","1","0","1"
"/troc-vs-bds-connected-solutions/","200","T-ROC vs. BDS Connected Solutions - T-ROC","41","148","T-ROC vs. BDS Connected Solutions","2027","https://trocglobal.com/troc-vs-bds-connected-solutions/","1","0","1"
"/troc-vs-market-force/","200","T-ROC vs. Market Force - T-ROC","30","137","T-ROC vs. Market Force Mystery Shopping &amp; Retail Insights","1813","https://trocglobal.com/troc-vs-market-force/","1","0","1"
"/troc-vs-premium-retail-services/","200","T-ROC vs. Premium Retail Services - T-ROC","41","148","T-ROC vs. Premium Retail Services: Which Retail Field Services Partner is Right for You?","2145","https://trocglobal.com/troc-vs-premium-retail-services/","1","0","2"
"/troc-vs-second-to-none/","200","T-ROC vs. Second to None - T-ROC","32","139","T-ROC vs. Second to None : Mystery Shopping Programs Compared","1782","https://trocglobal.com/troc-vs-second-to-none/","1","0","1"
"/trocglobal-vs-acosta/","200","T-ROC vs Acosta: Retail Services Comparison for Enterprise Buyers (2026) - T-ROC","80","153","T-ROC vs Acosta: Retail Services Comparison for Enterprise Buyers (2026)","1909","https://trocglobal.com/trocglobal-vs-acosta/","1","0","2"
"/trocglobal-vs-advantage-solutions/","200","T-ROC vs Advantage Solutions: Retail Services Comparison (2026) - T-ROC","71","156","T-ROC vs Advantage Solutions: Retail Services Comparison (2026)","1904","https://trocglobal.com/trocglobal-vs-advantage-solutions/","1","0","2"
"/trocglobal-vs-premium-retail-services/","200","T-ROC vs Premium Retail Services: Honest Comparison for Retail Buyers (2026) - T-ROC","84","157","T-ROC vs Premium Retail Services: Honest Comparison for Retail Buyers (2026)","1870","https://trocglobal.com/trocglobal-vs-premium-retail-services/","1","0","2"
"/unleashing-the-power-of-roadshows-elevating-brand-presence-at-wholesale-clubs/","200","Elevating Brand Presence at Wholesale Clubs | T-ROC","51","136","Unleashing the Power of Roadshows: Elevating Brand Presence at Wholesale Clubs","1417","https://trocglobal.com/unleashing-the-power-of-roadshows-elevating-brand-presence-at-wholesale-clubs/","1","0","2"
"/unlock-unprecedented-retail-growth-how-assisted-sales-programs-drive-customer-engagement-and-sales/","200","Crafting the Ultimate Customer Experience | T-ROC","49","134","Unlock Retail Growth: Assisted Sales Programs Drive Engagement and Revenue (2026) | T-ROC","1305","https://trocglobal.com/unlock-unprecedented-retail-growth-how-assisted-sales-programs-drive-customer-engagement-and-sales/","1","0","2"
"/unlocking-the-future-of-footprint-the-strategic-automated-retail-benefits-for-modern-brands/","200","Unlocking the Future of Footprint: The Strategic Automated Retail Benefits for Modern Brands - T-ROC","100","148","Unlocking the Future of Footprint: The Strategic Automated Retail Benefits for Modern Brands","1655","https://trocglobal.com/unlocking-the-future-of-footprint-the-strategic-automated-retail-benefits-for-modern-brands/","1","0","2"
"/unlocking-the-power-of-visual-merchandising-strategies-to-drive-engagement-and-sales/","200","Unlocking The Power Of Visual Merchandising | T-ROC","51","128","Unlocking the Power of Visual Merchandising: Strategies to Drive Engagement and Sales","1410","https://trocglobal.com/unlocking-the-power-of-visual-merchandising-strategies-to-drive-engagement-and-sales/","1","0","2"
"/us-outdoor-sports-industry-trends-2025/","200","Top 5 US Outdoor Sports Industry Trends for 2025 - T-ROC","56","137","Top 5 US Outdoor Sports Industry Trends for 2025","1631","https://trocglobal.com/us-outdoor-sports-industry-trends-2025/","1","0","2"
"/video/","200","T-ROC TV: Retail Video Insights &amp; Brand Stories | T-ROC","59","132","","135","https://trocglobal.com/video/","1","0","1"
"/videos/","200","Retail Industry Videos | Insights &amp; Stories from T-ROC","58","135","Check Out What’s Playing To Know What’s Happening","3892","https://trocglobal.com/videos/","1","0","1"
"/visual-merchandising-examples/","200","Visual Merchandising Examples That Turn Browsers into Buyers - T-ROC","68","152","Visual Merchandising Examples That Turn Browsers into Buyers","3019","https://trocglobal.com/visual-merchandising-examples/","1","0","3"
"/visual-merchandising/","200","Visual Merchandising Services &amp; Strategy | T-ROC Global","59","159","Visual Merchandising: 10 Strategies That Drive In-Store Sales (2026)","3445","https://trocglobal.com/visual-merchandising/","1","0","5"
"/walmart-2026-annual-report-takeaways/","200","Walmart 2026 Annual Report: 3 Critical Takeaways for the Future of Retail - T-ROC","81","156","Walmart 2026 Annual Report: 3 Critical Takeaways for the Future of Retail","987","https://trocglobal.com/walmart-2026-annual-report-takeaways/","1","0","1"
"/what-are-contract-assembly-services/","200","Exploring Contract Assembly Services and Their Benefits - T-ROC","63","148","Exploring Contract Assembly Services and Their Benefits","2239","https://trocglobal.com/what-are-contract-assembly-services/","1","0","3"
"/what-is-a-brand-ambassador/","200","What Is a Brand Ambassador? Definition, Role, and How It Works in Retail | T-ROC","80","157","What Is a Brand Ambassador? Definition, Role, and How It Works in Retail | T-ROC Global","940","https://trocglobal.com/what-is-a-brand-ambassador/","1","0","1"
"/what-is-a-planogram/","200","What Is a Planogram? Definition, Examples, and How They Work | T-ROC","68","157","What Is a Planogram? Definition, Examples, and How They Work | T-ROC Global","792","https://trocglobal.com/what-is-a-planogram/","1","0","1"
"/what-is-a-store-reset/","200","What Is a Store Reset? Definition, Process, and How It Works | T-ROC","68","157","What Is a Store Reset? Definition, Process, and How It Works | T-ROC Global","760","https://trocglobal.com/what-is-a-store-reset/","1","0","1"
"/what-is-an-outsourced-sales-and-marketing-firm/","200","What Is an Outsourced Sales and Marketing Firm? Complete Guide (2026) - T-ROC","77","154","What Is an Outsourced Sales and Marketing Firm? Complete Guide (2026)","2530","https://trocglobal.com/what-is-an-outsourced-sales-and-marketing-firm/","1","0","2"
"/what-is-automated-retail-kiosk/","200","What Is an Automated Retail Kiosk? Types, Uses &amp; Support","60","146","What Is an Automated Retail Kiosk?","1897","https://trocglobal.com/what-is-automated-retail-kiosk/","1","0","3"
"/what-is-mystery-shopping/","200","What Is Mystery Shopping? Definition, Examples, and How It Works | T-ROC","72","149","What Is Mystery Shopping? Definition, Examples, and How It Works | T-ROC Global","884","https://trocglobal.com/what-is-mystery-shopping/","1","0","1"
"/what-is-outsource-staffing/","200","Everything you need to know about outsource staffing - T-ROC","60","148","Everything you need to know about outsource staffing","1600","https://trocglobal.com/what-is-outsource-staffing/","1","0","2"
"/what-is-retail-data-2/","200","Retail Data Analytics: What It Is, Benefits &amp; Use Cases | T-ROC","67","122","What Is Retail Data?","2427","https://trocglobal.com/what-is-retail-data-2/","1","0","3"
"/what-is-retail-execution/","200","What Is Retail Execution? Definition, Framework, and Why It Matters | T-ROC","75","152","What Is Retail Execution? Definition, Framework, and Why It Matters | T-ROC Global","913","https://trocglobal.com/what-is-retail-execution/","1","0","1"
"/what-is-retail-merchandising/","200","What Is Retail Merchandising? Definition, Examples, and How It Works | T-ROC","76","153","What Is Retail Merchandising? Definition, Examples, and How It Works | T-ROC Global","968","https://trocglobal.com/what-is-retail-merchandising/","1","0","1"
"/what-is-retail-outsourcing/","200","What Is Retail Outsourcing? Definition, Models, and How It Works | T-ROC","72","149","What Is Retail Outsourcing? Definition, Models, and How It Works | T-ROC Global","836","https://trocglobal.com/what-is-retail-outsourcing/","1","0","1"
"/what-is-retail-staffing/","200","What Is Retail Staffing? Definition, Models, and How It Works | T-ROC","69","146","What Is Retail Staffing? Definition, Models, and How It Works | T-ROC Global","832","https://trocglobal.com/what-is-retail-staffing/","1","0","1"
"/what-is-retail360-a-guide-to-smarter-retail-decisions/","200","Retail360: A Guide to Smarter Retail Decisions | T-ROC","54","138","What Is Retail360? A Guide to Smarter Retail Decisions","1358","https://trocglobal.com/what-is-retail360-a-guide-to-smarter-retail-decisions/","1","0","1"
"/what-is-revenue-optimization-in-retail/","200","What Is Revenue Optimization in Retail? A Complete Guide - T-ROC","64","154","What Is Revenue Optimization in Retail? A Complete Guide","1266","https://trocglobal.com/what-is-revenue-optimization-in-retail/","1","0","1"
"/why-brand-ambassadors-still-matter/","200","Brand Ambassadors in Retail: How People Drive Store Results","59","149","Brand Ambassadors in Retail: How People Drive Store Results","2803","https://trocglobal.com/why-brand-ambassadors-still-matter/","1","0","3"
"/why-in-store-brand-ambassadors-are-essential-for-peak-holiday-retail-success/","200","In-Store Brand Ambassadors: Key to Holiday Retail Success","57","164","Why In-Store Brand Ambassadors Are Essential for Peak Holiday Retail Success","2602","https://trocglobal.com/why-in-store-brand-ambassadors-are-essential-for-peak-holiday-retail-success/","1","0","2"
"/why-mystery-shoppers-are-here-to-stay-in-the-age-of-tech-driven-retail/","200","Why Mystery Shopping Thrives in the Age of AI | T-ROC","53","136","Why Mystery Shoppers Are Here To Stay In The Age Of Tech-Driven Retail","2296","https://trocglobal.com/why-mystery-shoppers-are-here-to-stay-in-the-age-of-tech-driven-retail/","1","0","2"
"/why-retailers-should-embrace-the-power-of-hybrid-shopping-how-to-leverage-online-and-offline-channels/","200","Why Hybrid Shopping Is the Future of Retail | T-ROC","51","129","Why Retailers Should Embrace the Power of Hybrid Shopping: How to Leverage Online and Offline Channels","1224","https://trocglobal.com/why-retailers-should-embrace-the-power-of-hybrid-shopping-how-to-leverage-online-and-offline-channels/","1","0","2"
"/why-walmart-is-buying-shopping-malls/","200","Why Walmart Is Buying Shopping Malls in 2025","44","153","Why is Walmart Buying Shopping Malls? The Bold New Strategy for 2025","1024","https://trocglobal.com/why-walmart-is-buying-shopping-malls/","1","0","2"
"/wireless-retail-jobs/","200","Wireless Retail Sales Jobs | T-ROC Global Careers | T-ROC","57","141","Wireless Retail Sales Jobs | T-ROC Global Careers","767","https://trocglobal.com/wireless-retail-jobs/","1","0","1"
"/wireless-retail-services-in-florida/","200","Wireless Retail Services in Florida | T-ROC","43","137","Wireless Retail Services in Florida | T-ROC Global","471","https://trocglobal.com/wireless-retail-services-in-florida/","1","0","1"
"/wireless-retail-services-in-texas/","200","Wireless Retail Services in Texas | T-ROC","41","135","Wireless Retail Services in Texas | T-ROC Global","496","https://trocglobal.com/wireless-retail-services-in-texas/","1","0","1"
"/wireless-retail-services/","200","Wireless Retail Services: Complete Guide for Carriers + Retailers (2026) | T-ROC - T-ROC","88","153","Wireless Retail Services: Complete Guide for Carriers + Retailers (2026) | T-ROC","1775","https://trocglobal.com/wireless-retail-services/","1","0","1"
"/world-cup-retail-trends-how-fifa-2026-will-drive-spending-and-foot-traffic/","200","World Cup Retail Trends: How FIFA 2026 Will Drive Spending and Foot Traffic - T-ROC","83","147","World Cup Retail Trends: How FIFA 2026 Will Drive Spending and Foot Traffic","1662","https://trocglobal.com/world-cup-retail-trends-how-fifa-2026-will-drive-spending-and-foot-traffic/","1","0","2"
"/your-secret-advantage-a-mystery-shopping-service/","200","Your Secret Advantage: A Mystery Shopping Service - T-ROC","57","156","Your Secret Advantage: A Mystery Shopping Service","1559","https://trocglobal.com/your-secret-advantage-a-mystery-shopping-service/","1","0","1"
